,model,layer,paraphrase_identity_rdm_corr,paraphrase_identity_rdm_pvalue,paraphrase_identity_rdm_corr_within_compound_sentences,paraphrase_identity_rdm_pvalue_within_compound_sentences,jaccard_rdm_corr,jaccard_rdm_pvalue,jaccard_rdm_corr_within_compound_sentences,jaccard_rdm_pvalue_within_compound_sentences,monge_elkan_rdm_corr,monge_elkan_rdm_pvalue,monge_elkan_rdm_corr_within_compound_sentences,monge_elkan_rdm_pvalue_within_compound_sentences,ratcliff_obershelp_rdm_corr,ratcliff_obershelp_rdm_pvalue,ratcliff_obershelp_rdm_corr_within_compound_sentences,ratcliff_obershelp_rdm_pvalue_within_compound_sentences,levenshtein_rdm_corr,levenshtein_rdm_pvalue,levenshtein_rdm_corr_within_compound_sentences,levenshtein_rdm_pvalue_within_compound_sentences,fasttext_mean_rdm_corr,fasttext_mean_rdm_pvalue,fasttext_mean_rdm_corr_within_compound_sentences,fasttext_mean_rdm_pvalue_within_compound_sentences
0,bert-base-uncased,1,0.06603921473480237,0.0,,,0.3038011923556938,0.0,0.34256287403519997,0.0,-0.02445798394560778,5.0497555988552454e-120,0.18023393650468922,0.0,0.3465410768482438,0.0,0.47294424696071763,0.0,0.3757009269570558,0.0,0.5235555277681165,0.0,0.6199331327821521,0.0,0.6213830714670434,0.0
1,bert-base-uncased,2,0.0658870659301651,0.0,,,0.30603265174793093,0.0,0.3380585654505397,0.0,-0.034678058354417764,3.189654399663027e-239,0.166354315699242,0.0,0.33396842751729083,0.0,0.4562502730774598,0.0,0.36245351220102917,0.0,0.5034945971529466,0.0,0.6170737941044758,0.0,0.6153583027649094,0.0
2,bert-base-uncased,3,0.06559323838420293,0.0,,,0.31863314676868826,0.0,0.334986231093449,0.0,-0.039643753414518,0.0,0.15498260322001536,0.0,0.3336627840446851,0.0,0.4432101396928188,0.0,0.36297430354076543,0.0,0.49127265100906825,0.0,0.6038118288133371,0.0,0.6017248188802854,0.0
3,bert-base-uncased,4,0.06540826861068105,0.0,,,0.32133580252494887,0.0,0.30718946437196276,0.0,-0.05190073454667593,0.0,0.14089940564742479,0.0,0.31105549278526634,0.0,0.413265478631552,0.0,0.337821899778497,0.0,0.45786090748641256,0.0,0.5603259254132192,0.0,0.5879362867442385,0.0
4,bert-base-uncased,5,0.06558466549944403,0.0,,,0.28191981873343186,0.0,0.2332918167815876,0.0,-0.0635322246599199,0.0,0.1064625936815027,3.517991456504956e-247,0.2433073972055216,0.0,0.3185538665087907,0.0,0.26246552041113036,0.0,0.35382156300608997,0.0,0.4919257895103671,0.0,0.49269113163843226,0.0
5,bert-base-uncased,6,0.06489090706542697,0.0,,,0.2635758434278434,0.0,0.21464206612120143,0.0,-0.04435201185705313,0.0,0.1052186841479195,1.734356378662003e-241,0.24071841575315525,0.0,0.295156649051529,0.0,0.2557805883511258,0.0,0.32999311152875566,0.0,0.427146199309617,0.0,0.46057399071876265,0.0
6,bert-base-uncased,7,0.06470461674998855,0.0,,,0.2529879863772495,0.0,0.20201612211536746,0.0,-0.02960912824105567,5.764712912012004e-175,0.08909963877922057,9.325595243960405e-174,0.2354784193490702,0.0,0.2688789945990448,0.0,0.24709318640602115,0.0,0.30354896125490066,0.0,0.384304462644284,0.0,0.4330880037968357,0.0
7,bert-base-uncased,8,0.06450873673251548,0.0,,,0.2092164149483608,0.0,0.1661512643240072,0.0,0.009632642394634993,4.541819754517936e-20,0.07677213708402203,1.5961433131101415e-129,0.21755164842924835,0.0,0.23016111752252008,0.0,0.22481986517779587,0.0,0.25552336488337984,0.0,0.3072722697215772,0.0,0.38124287844846577,0.0
8,bert-base-uncased,9,0.06417313787801199,0.0,,,0.1471123632210833,0.0,0.1350354091354625,0.0,0.0434326992541736,0.0,0.07115236066515956,1.5586126826648962e-111,0.19908703604330816,0.0,0.20312482120541955,0.0,0.2010645655307958,0.0,0.2206506662868115,0.0,0.2251528540607746,0.0,0.33963161580266277,0.0
9,bert-base-uncased,10,0.06540319222746348,0.0,,,0.0828450849764911,0.0,0.055748180607529264,3.6706012076971965e-69,0.060388473059012224,0.0,0.03795770750867932,4.99677218819113e-33,0.12628842523366476,0.0,0.0973159436913832,1.2765679192758182e-207,0.12382104215286747,0.0,0.10253466803566805,3.7986220883999924e-228,0.1668216958081766,0.0,0.2390472300162764,0.0
10,bert-base-uncased,11,0.06577677977155169,0.0,,,0.046482699130951294,0.0,0.028646807095634896,1.680473833973789e-19,0.05472614178898657,0.0,0.012927001521916564,4.55938016020234e-05,0.08406307455875806,0.0,0.05339218265652602,7.460171794796601e-64,0.08057199969286503,0.0,0.057290125394129365,1.4072356520885923e-72,0.13171504041280138,0.0,0.19915621766769603,0.0
11,bert-base-uncased,12,0.0658567866376527,0.0,,,0.11004781017110221,0.0,0.07013505822934143,2.339799175238401e-108,0.00061225215949715,0.5598092143956543,0.030450608400009606,7.688037154046366e-22,0.09542362771015081,0.0,0.08955738190369619,3.7460983016286814e-176,0.09911051240674226,0.0,0.10568190344164594,3.1001242174572616e-242,0.23567796473010993,0.0,0.24404278687834338,0.0
12,roberta-base,1,0.06489793066326376,0.0,,,0.3499695429146874,0.0,0.3451681767609016,0.0,-0.023413046856642673,3.7619731372397486e-110,0.17172870228948958,0.0,0.3710024541630079,0.0,0.46416577649784924,0.0,0.4079998017306847,0.0,0.5182111299680278,0.0,0.609707439624468,0.0,0.6091766662529375,0.0
13,roberta-base,2,0.0644801618242198,0.0,,,0.33489472043049395,0.0,0.32620112186189376,0.0,-0.004873259213928101,3.4602449182928485e-06,0.15658299344051319,0.0,0.3719941352679611,0.0,0.4339976554562562,0.0,0.40509390332666567,0.0,0.4865746788546083,0.0,0.5582326680846509,0.0,0.5796190275606297,0.0
14,roberta-base,3,0.06532853663692614,0.0,,,0.25825820270130373,0.0,0.24819626040758436,0.0,0.01643784329856209,3.03130461669161e-55,0.11329312003734013,1.2461342873072292e-279,0.31125148924100837,0.0,0.3237784309481069,0.0,0.32913918454503305,0.0,0.3567893234762071,0.0,0.4339777972179895,0.0,0.48271050970686336,0.0
15,roberta-base,4,0.06536590026977268,0.0,,,0.1883803087889498,0.0,0.18158456437954962,0.0,0.040860081512911255,0.0,0.10127032847364129,7.356147139699639e-224,0.2586256964384946,0.0,0.2433837469899816,0.0,0.2671684490109299,0.0,0.2661671400404444,0.0,0.32966590002810936,0.0,0.4041223559490826,0.0
16,roberta-base,5,0.06533414747276804,0.0,,,0.1705147786444511,0.0,0.15606079434815137,0.0,0.052408258574982734,0.0,0.09645897396599849,2.738693857893678e-203,0.24212771086181983,0.0,0.21926686615218566,0.0,0.24898821654331582,0.0,0.2457287630938853,0.0,0.29051797805679913,0.0,0.3802377484143053,0.0
17,roberta-base,6,0.0649019678533315,0.0,,,0.14985941605083158,0.0,0.14299135946824398,0.0,0.05800646647027252,0.0,0.09573070877930906,2.9119240601948313e-200,0.22491967501612875,0.0,0.21000751376248805,0.0,0.23110143298883828,0.0,0.23474565576588524,0.0,0.25897791986049484,0.0,0.36015104450701824,0.0
18,roberta-base,7,0.06492652112921497,0.0,,,0.1708135828103366,0.0,0.12278281268306161,0.0,0.033431231061001494,1.76625805024446e-222,0.06845841085684504,2.1556356384039613e-103,0.20675376166760756,0.0,0.1720551005350725,0.0,0.21288311147285655,0.0,0.18869929109540426,0.0,0.25584881642385876,0.0,0.31371112126044665,0.0
19,roberta-base,8,0.06450611083953701,0.0,,,0.15351141706732552,0.0,0.09578364216964329,2.3280621157426063e-200,0.022925488760379184,1.0833765622761142e-105,0.06216637639888076,1.3453218512635943e-85,0.1709420237820367,0.0,0.14219751774714448,0.0,0.17372380693798808,0.0,0.15798530996653462,0.0,0.22763293154161762,0.0,0.28976754810149574,0.0
20,roberta-base,9,0.06394672451851607,0.0,,,0.14105002735298947,0.0,0.11813740784905422,1.1117590679687733e-303,0.06685373691441653,0.0,0.09020676948380789,4.745010243045655e-178,0.22037197190326413,0.0,0.1947976774012757,0.0,0.22365612524865353,0.0,0.2116888090702925,0.0,0.21992067648879027,0.0,0.32249725777881033,0.0
21,roberta-base,10,0.06406343437919748,0.0,,,0.10755173313268014,0.0,0.0986427409923057,2.2600006265209596e-212,0.09332784492736033,0.0,0.08517277855203687,5.909379932571993e-159,0.21101027698519453,0.0,0.1660933838821742,0.0,0.21229780414297042,0.0,0.18069855654112843,0.0,0.18854643265590795,0.0,0.28035609000787537,0.0
22,roberta-base,11,0.06534599896957871,0.0,,,0.11984275561610187,0.0,0.09422880190208224,5.647673762180139e-194,0.07311615982464272,0.0,0.08277811042851381,2.960952267245305e-150,0.19056506478238447,0.0,0.1463970990105048,0.0,0.1919654594046638,0.0,0.1564077357693484,0.0,0.21299508627235014,0.0,0.2606371099075933,0.0
23,roberta-base,12,0.06477804159793789,0.0,,,0.08376799743951373,0.0,0.1368925738884372,0.0,0.1278795662955854,0.0,0.09938279345344618,1.1372989361847923e-215,0.23109572056727903,0.0,0.21511256751039445,0.0,0.2307146869299749,0.0,0.224703155200812,0.0,0.16322108096492283,0.0,0.30391272959557214,0.0
24,bert-base-japanese,1,0.06510838175903318,0.0,,,0.40330215535323,0.0,0.39104615088613387,0.0,-0.1329487825105889,0.0,0.15525655148579606,0.0,0.20538997441113946,0.0,0.4002486503615794,0.0,0.22074173386466736,0.0,0.41619072077881286,0.0,0.33805693738192577,0.0,0.34561698062502483,0.0
25,bert-base-japanese,2,0.06487123847630588,0.0,,,0.3922080446699364,0.0,0.3677417109507219,0.0,-0.13655248519062688,0.0,0.13587479731505647,0.0,0.18682106105500165,0.0,0.36088124518354736,0.0,0.20140673826443553,0.0,0.37440210046634487,0.0,0.32760074287509816,0.0,0.317306039723782,0.0
26,bert-base-japanese,3,0.06479476992937971,0.0,,,0.3820198515463478,0.0,0.356249633061726,0.0,-0.1376448688997717,0.0,0.13782269626202384,0.0,0.18477098971635295,0.0,0.35354787777518243,0.0,0.20011392619592,0.0,0.3643254402256224,0.0,0.33494801096755117,0.0,0.30501581749587287,0.0
27,bert-base-japanese,4,0.06415423227309855,0.0,,,0.38689267786544657,0.0,0.3515951942842455,0.0,-0.13371252971813558,0.0,0.1299320102890019,0.0,0.19138098726590136,0.0,0.3500306629114861,0.0,0.2076586154613123,0.0,0.3631870730533991,0.0,0.33912470345744333,0.0,0.3081372470878805,0.0
28,bert-base-japanese,5,0.06397450541891399,0.0,,,0.38949133786255025,0.0,0.3433806162578498,0.0,-0.13392536344839834,0.0,0.1347502735467173,0.0,0.18244160617025082,0.0,0.3352923692363158,0.0,0.20014458229278861,0.0,0.34978691749913443,0.0,0.3360788874048555,0.0,0.2965075563819979,0.0
29,bert-base-japanese,6,0.06380814941836917,0.0,,,0.3909691864243392,0.0,0.32858016718877303,0.0,-0.135674584020327,0.0,0.1307702045262085,0.0,0.16716984410502786,0.0,0.3094980679805416,0.0,0.18466526672930034,0.0,0.32368675314967393,0.0,0.32317662281361004,0.0,0.2695570466099883,0.0
30,bert-base-japanese,7,0.06346816269863302,0.0,,,0.3981902876962202,0.0,0.3243913552524476,0.0,-0.13573674590337778,0.0,0.13987284631255908,0.0,0.16417401078548968,0.0,0.30964913534875405,0.0,0.1833849901442278,0.0,0.32360293736198703,0.0,0.3227415792465621,0.0,0.2687512467144455,0.0
31,bert-base-japanese,8,0.06292457409382568,0.0,,,0.413160149828498,0.0,0.3644325982979068,0.0,-0.13487887279342062,0.0,0.14351973089531073,0.0,0.17750929873333834,0.0,0.34466532806179395,0.0,0.19790162235753714,0.0,0.36016078500253884,0.0,0.3374663318142496,0.0,0.3036780224687564,0.0
32,bert-base-japanese,9,0.06248180446191817,0.0,,,0.4201791274072906,0.0,0.377233896597381,0.0,-0.1293820961891761,0.0,0.16538907978412762,0.0,0.19367255802295014,0.0,0.36847260437006263,0.0,0.21547628090355928,0.0,0.38572256071348543,0.0,0.34828674698652484,0.0,0.32174488330007067,0.0
33,bert-base-japanese,10,0.0623293515667656,0.0,,,0.3965033592597131,0.0,0.3641567283572556,0.0,-0.1304477542646506,0.0,0.1667421331464163,0.0,0.18526211531121448,0.0,0.3597551198893163,0.0,0.20565199809999732,0.0,0.37911390528005,0.0,0.3620430981472665,0.0,0.3269012990689577,0.0
34,bert-base-japanese,11,0.06266514116413621,0.0,,,0.374618741555994,0.0,0.35677393444390826,0.0,-0.12605288893447433,0.0,0.17036848578128627,0.0,0.18422038068776198,0.0,0.3598731270249411,0.0,0.20329904345549388,0.0,0.37931514796687005,0.0,0.3648421651559832,0.0,0.3229964471670279,0.0
35,bert-base-japanese,12,0.06333004135135853,0.0,,,0.3386896079681445,0.0,0.2895888735824817,0.0,-0.1303045588933757,0.0,0.1584573038831556,0.0,0.1417064095141522,0.0,0.28571305509470185,0.0,0.15806226989359978,0.0,0.30468002428471314,0.0,0.3357056093890258,0.0,0.2519182990391697,0.0
36,openai-community/gpt2,1,0.05828375955114337,0.0,,,0.21997502912298647,0.0,0.2004153967094514,0.0,0.061593905035101065,0.0,0.15718001240699203,0.0,0.2825067156492832,0.0,0.3150857931265905,0.0,0.3081833431273406,0.0,0.3338378372766725,0.0,0.2934066006311028,0.0,0.37523353124961867,0.0
37,openai-community/gpt2,2,0.06378964825941531,0.0,,,0.22754020486783852,0.0,0.1709077718332795,0.0,0.032700649131899615,5.9368505667022797e-213,0.1318964930405071,0.0,0.24436836014519248,0.0,0.2595242044057725,0.0,0.2683669553065153,0.0,0.2748752049326389,0.0,0.3750002777064497,0.0,0.4122936348445166,0.0
38,openai-community/gpt2,3,0.06268373476102365,0.0,,,0.23051019895355368,0.0,0.21346702822782032,0.0,0.03478429149268397,1.1191205798244215e-240,0.1563040674293192,0.0,0.2879385537215536,0.0,0.32592401305102014,0.0,0.31392139827330695,0.0,0.3531065105720819,0.0,0.4061611860631448,0.0,0.46278274372997147,0.0
39,openai-community/gpt2,4,0.05335313594670645,0.0,,,0.2273356545798161,0.0,0.18409976213622223,0.0,-0.010218053248319639,2.203492335442991e-22,0.13619758157004272,0.0,0.21735453949319233,0.0,0.29022612773924644,0.0,0.24336371878319446,0.0,0.3207150703450352,0.0,0.3344882665179042,0.0,0.41713003702004947,0.0
40,openai-community/gpt2,5,0.04386936270781062,5.94828989412006e-256,,,0.22139731292485135,0.0,0.1437387319204725,0.0,-0.07433231851312885,0.0,0.1037086565323868,1.1485368296043645e-234,0.12817824612630116,0.0,0.2286812667339894,0.0,0.15053102306440547,0.0,0.2551928941341863,0.0,0.29077174202443135,0.0,0.3374199455322248,0.0
41,openai-community/gpt2,6,0.04982640465502242,0.0,,,0.2135516221929841,0.0,0.13147253846131357,0.0,-0.09223080427962717,0.0,0.08663457712277464,2.183674525479332e-164,0.10320166535777496,0.0,0.20135088530226003,0.0,0.12351743616291663,0.0,0.23048660128384152,0.0,0.3049086003246405,0.0,0.32963788708474123,0.0
42,openai-community/gpt2,7,0.04945323271712824,0.0,,,0.19727261064798995,0.0,0.12513401270280705,0.0,-0.07844975425114831,0.0,0.08753792473918132,8.631112320769504e-168,0.09778451248762912,0.0,0.19803096015071095,0.0,0.11562617188348631,0.0,0.2293200704637418,0.0,0.2803943553037491,0.0,0.3216798604355344,0.0
43,openai-community/gpt2,8,0.04750439641002593,9.397571883949541e-300,,,0.1836160193413692,0.0,0.11648338458142306,2.6886873601420037e-295,-0.07604348844150315,0.0,0.08525589187706209,2.918414336850086e-159,0.08996964982391595,0.0,0.19211879685762231,0.0,0.10562085708707102,0.0,0.22207607922290748,0.0,0.26696929213953613,0.0,0.3057468842495679,0.0
44,openai-community/gpt2,9,0.049991291552694155,0.0,,,0.17905610871256486,0.0,0.11740866439827338,5.6786117928587675e-300,-0.07449846472696557,0.0,0.08505246734680058,1.6388450427192864e-158,0.08896555657302209,0.0,0.19270785882342265,0.0,0.1039222954265455,0.0,0.22302183605928658,0.0,0.27579600414837613,0.0,0.3157724562340446,0.0
45,openai-community/gpt2,10,0.04966986871765251,0.0,,,0.18301420554070288,0.0,0.11805359738234313,2.976107403893638e-303,-0.07226333893153597,0.0,0.0820922812726414,8.269811872742882e-148,0.09241149566716918,0.0,0.19140877462867786,0.0,0.10822084907925376,0.0,0.2219699169791679,0.0,0.27193651234698046,0.0,0.3180257019228219,0.0
46,openai-community/gpt2,11,0.04759344458589837,7.1835623512859075e-301,,,0.191908967886626,0.0,0.13625735620116375,0.0,-0.06975481702258472,0.0,0.0953044775599857,1.6786476795911794e-198,0.10874726908026984,0.0,0.2185322891777674,0.0,0.12619999543394889,0.0,0.2484757797211721,0.0,0.272039916433197,0.0,0.33177998658889996,0.0
47,openai-community/gpt2,12,0.046348359909415035,1.906954734293904e-285,,,0.1839923982576225,0.0,0.12971562082198138,0.0,-0.06839696274329926,0.0,0.08570623661722451,6.306397053061583e-161,0.1093331613781661,0.0,0.2060820675078745,0.0,0.1256504254955207,0.0,0.2420406052052174,0.0,0.2768946918238416,0.0,0.301020574306785,0.0
48,microsoft/phi-1,1,0.06202735133547611,0.0,,,0.2699801075084849,0.0,0.3165701946428132,0.0,-0.053655604485758304,0.0,0.20154171358309703,0.0,0.3191134867880299,0.0,0.4474617535835067,0.0,0.34913157975990217,0.0,0.4886463888352013,0.0,0.4968185406778201,0.0,0.458034849648352,0.0
49,microsoft/phi-1,2,0.06297756450607213,0.0,,,0.29728303333477785,0.0,0.35081646354730806,0.0,-0.02880711246717976,1.0028103789723126e-165,0.20062754312626058,0.0,0.3798737906974701,0.0,0.47995859662062446,0.0,0.41676185574375824,0.0,0.5273022715099155,0.0,0.5318866177592895,0.0,0.4993386089106239,0.0
50,microsoft/phi-1,3,0.06227380113730285,0.0,,,0.3023299497058653,0.0,0.36437400592007463,0.0,0.012569429389064756,5.0143223531643414e-33,0.19778203148647533,0.0,0.43247593319069866,0.0,0.4930786084057558,0.0,0.47588464392514385,0.0,0.5454493198929551,0.0,0.5153615988881625,0.0,0.5158693189845357,0.0
51,microsoft/phi-1,4,0.06165988157090583,0.0,,,0.3161084196470167,0.0,0.3750876757129713,0.0,0.02814204059571711,2.964268960551157e-158,0.19448433624524422,0.0,0.45790928364801736,0.0,0.5021330313404143,0.0,0.5051881271793779,0.0,0.5587367023015457,0.0,0.509101432296209,0.0,0.5319419676561719,0.0
52,microsoft/phi-1,5,0.061050756672087876,0.0,,,0.31628793571917607,0.0,0.37978188949268227,0.0,0.04532154428931344,0.0,0.1921171068165586,0.0,0.4744359606971819,0.0,0.5072975915075693,0.0,0.5233269477619021,0.0,0.5663301771651613,0.0,0.4933707904102285,0.0,0.5377765795781233,0.0
53,microsoft/phi-1,6,0.060275357206142785,0.0,,,0.3183799512436922,0.0,0.38307853939162434,0.0,0.059248563565594756,0.0,0.19190577798714184,0.0,0.4868631473088114,0.0,0.509950525716884,0.0,0.5376870501020412,0.0,0.5691650142997569,0.0,0.47681708547317136,0.0,0.5411337523515194,0.0
54,microsoft/phi-1,7,0.059788786299585304,0.0,,,0.3189539730089895,0.0,0.3849485616826034,0.0,0.06767289224316908,0.0,0.1894888572383487,0.0,0.49175831594183955,0.0,0.50950498734805,0.0,0.5439610094637322,0.0,0.5687087736530011,0.0,0.4653517937336019,0.0,0.5456487827277994,0.0
55,microsoft/phi-1,8,0.059257785393702564,0.0,,,0.3150155611051718,0.0,0.3850153182764315,0.0,0.07846496155705561,0.0,0.18469062915553217,0.0,0.500172059400621,0.0,0.5084759433718289,0.0,0.552530799400233,0.0,0.5665561333726172,0.0,0.45221074002889144,0.0,0.5515029862229788,0.0
56,microsoft/phi-1,9,0.058929994245307676,0.0,,,0.3088381819597551,0.0,0.3861401023542678,0.0,0.08772996696516809,0.0,0.18296154869194545,0.0,0.503219125241309,0.0,0.5084092030897741,0.0,0.5536611156155756,0.0,0.565540178402779,0.0,0.44011328684570533,0.0,0.5530417897573491,0.0
57,microsoft/phi-1,10,0.05876812405226224,0.0,,,0.298874747964618,0.0,0.38408194839085863,0.0,0.09469139877887109,0.0,0.1795255943183541,0.0,0.5030239370254721,0.0,0.5058297851605933,0.0,0.5519787186964,0.0,0.5628746285831302,0.0,0.42679648509942014,0.0,0.5543794853550439,0.0
58,microsoft/phi-1,11,0.059126367997516374,0.0,,,0.28773545139778506,0.0,0.38234726691762627,0.0,0.10510765426755399,0.0,0.17547522991764888,0.0,0.5010261268048938,0.0,0.5040566310264657,0.0,0.5483326917644782,0.0,0.5598384985268975,0.0,0.4106920648439043,0.0,0.5547205342368275,0.0
59,microsoft/phi-1,12,0.058966039170331795,0.0,,,0.2752502042999625,0.0,0.38344118368594243,0.0,0.11781117697775471,0.0,0.17472755853475674,0.0,0.5025230704679068,0.0,0.5037000683703855,0.0,0.5476714176078452,0.0,0.5600170290481962,0.0,0.3913039995578854,0.0,0.5539697227885951,0.0
60,microsoft/phi-1,13,0.05881635904636965,0.0,,,0.25928678978120184,0.0,0.38309869943406877,0.0,0.13324068587306861,0.0,0.17290221428391614,0.0,0.499159522760912,0.0,0.5024532827244036,0.0,0.5421700777195083,0.0,0.5590867364979228,0.0,0.3656599887421819,0.0,0.5534367791003396,0.0
61,microsoft/phi-1,14,0.05856156525376782,0.0,,,0.24663487249311258,0.0,0.38227979690678915,0.0,0.14159978470109966,0.0,0.171936105009848,0.0,0.4945570277368495,0.0,0.5020535708164652,0.0,0.5360798126222843,0.0,0.5593147663986298,0.0,0.3516392277039563,0.0,0.5535798779238771,0.0
62,microsoft/phi-1,15,0.0584813581059721,0.0,,,0.23444953076769887,0.0,0.38199503931323125,0.0,0.1492249123674258,0.0,0.17109174918515999,0.0,0.4886755064316296,0.0,0.5022784583750235,0.0,0.5277748180914027,0.0,0.5594360714256453,0.0,0.3361565874814142,0.0,0.5524742645162682,0.0
63,microsoft/phi-1,16,0.058434437784697944,0.0,,,0.22491871995413534,0.0,0.38274727742977943,0.0,0.1579670642806743,0.0,0.17128119997216074,0.0,0.4856111886716897,0.0,0.503949458689776,0.0,0.5239096942984349,0.0,0.5619850744601574,0.0,0.3232975334137199,0.0,0.5548888384187355,0.0
64,microsoft/phi-1,17,0.05853148367591171,0.0,,,0.21369961738019713,0.0,0.38279532085498463,0.0,0.16331753954951359,0.0,0.17116436818092157,0.0,0.4789477309701786,0.0,0.5037730208171001,0.0,0.5159044424418493,0.0,0.5615618762667178,0.0,0.3100863741716931,0.0,0.5581376609628479,0.0
65,microsoft/phi-1,18,0.05908178026679651,0.0,,,0.20582131788818347,0.0,0.38203948759766654,0.0,0.16290018884645088,0.0,0.1719890373730455,0.0,0.470166330768859,0.0,0.5052939374730101,0.0,0.5052288238609919,0.0,0.5639433441767048,0.0,0.3046666824118567,0.0,0.5632191208679828,0.0
66,microsoft/phi-1,19,0.05933783297601768,0.0,,,0.1957848340732136,0.0,0.3812560274670741,0.0,0.16550666323049587,0.0,0.17343465075950185,0.0,0.4616454972303583,0.0,0.5062731341762562,0.0,0.49535564722287967,0.0,0.5662658987025531,0.0,0.2983788414108993,0.0,0.5691032844364726,0.0
67,microsoft/phi-1,20,0.05950670387526363,0.0,,,0.18663144081833,0.0,0.37931858326078666,0.0,0.1686660817619774,0.0,0.1728597742468654,0.0,0.45237416968445127,0.0,0.5057154169498739,0.0,0.48499777674284483,0.0,0.5663212795743511,0.0,0.29032498748728164,0.0,0.5727649518591028,0.0
68,microsoft/phi-1,21,0.05964905022301059,0.0,,,0.18128344118869444,0.0,0.37898856176278595,0.0,0.1693035700415078,0.0,0.17381342814025763,0.0,0.4468704121566419,0.0,0.5055654932437745,0.0,0.4789416573635636,0.0,0.5671484983174422,0.0,0.28972370230577954,0.0,0.5781555616989902,0.0
69,microsoft/phi-1,22,0.0598721488089077,0.0,,,0.17641553976433916,0.0,0.3769239950622176,0.0,0.16998257754664417,0.0,0.1766516163847789,0.0,0.44375802928505304,0.0,0.5062337038256749,0.0,0.47542883599998775,0.0,0.5690425317686277,0.0,0.29193581083945097,0.0,0.5834246648085303,0.0
70,microsoft/phi-1,23,0.06002055827810019,0.0,,,0.17762405253601213,0.0,0.3738460235083678,0.0,0.16717353214872313,0.0,0.17800393660629443,0.0,0.44274981860995655,0.0,0.5057312862613977,0.0,0.47555705684730387,0.0,0.5704870841700506,0.0,0.29982378345607497,0.0,0.5897470038949795,0.0
71,microsoft/phi-1,24,0.06129487608463801,0.0,,,0.28018550256236147,0.0,0.3290104438163376,0.0,0.0006785837164085795,0.5180845572568806,0.12060078883078017,0.0,0.39601277321414835,0.0,0.424517292362611,0.0,0.4234244281290111,0.0,0.4623165187515343,0.0,0.45146614710373384,0.0,0.44441951958752,0.0
72,meta-llama/Llama-3.2-1B,1,0.05782355142970107,0.0,,,0.2585484602635779,0.0,0.1981786139484901,0.0,-0.07231109645360873,0.0,0.10460616706624447,1.0419044138049507e-238,0.2067946346818765,0.0,0.27815718342365064,0.0,0.2280624102383191,0.0,0.303155743200325,0.0,0.40349750933646594,0.0,0.366618385496134,0.0
73,meta-llama/Llama-3.2-1B,2,0.044924993638502456,2.586876959078835e-268,,,0.24864697614413167,0.0,0.17639232741214697,0.0,-0.08059522547702612,0.0,0.05913314065883371,1.2531521455469582e-77,0.14836869869390695,0.0,0.21435297192754746,0.0,0.1666640426975923,0.0,0.24124535790914126,0.0,0.30971731347867754,0.0,0.2768999014392932,0.0
74,meta-llama/Llama-3.2-1B,3,0.045386492222843015,8.248332501837476e-274,,,0.24109881178060352,0.0,0.17830682604328635,0.0,-0.0720780081461571,0.0,0.05966653462428161,5.3131184608375433e-79,0.15046862164691227,0.0,0.21653342172904527,0.0,0.16822585624697567,0.0,0.24508960140281363,0.0,0.31249062444310177,0.0,0.27457754434816434,0.0
75,meta-llama/Llama-3.2-1B,4,0.0458705596020325,1.2328175016578344e-279,,,0.24464990774063988,0.0,0.18419984893143573,0.0,-0.06900216676564601,0.0,0.06374495267670229,6.677418904032007e-90,0.15717192996125365,0.0,0.2246299796581582,0.0,0.17625913228891452,0.0,0.25530665791045415,0.0,0.3158186648421613,0.0,0.2804989919611581,0.0
76,meta-llama/Llama-3.2-1B,5,0.04500741159354314,2.7245725465631436e-269,,,0.2473187527934098,0.0,0.1797594232327641,0.0,-0.07073113768147163,0.0,0.06234193957664599,4.523087077197719e-86,0.14916081414448623,0.0,0.2164338891352475,0.0,0.1670758583745489,0.0,0.24559187924538103,0.0,0.30304165531530036,0.0,0.2788975419254273,0.0
77,meta-llama/Llama-3.2-1B,6,0.04535834303797953,1.7915407698287492e-273,,,0.24902834592557438,0.0,0.16830178575027432,0.0,-0.07443109968928269,0.0,0.058485476888618895,5.60076900837918e-76,0.1410623264588011,0.0,0.2046240922563708,0.0,0.15995100463411424,0.0,0.23271083220681535,0.0,0.3015670748652855,0.0,0.2658240007941945,0.0
78,meta-llama/Llama-3.2-1B,7,0.045286912358433906,1.2796734927854585e-272,,,0.25512258753185707,0.0,0.16911500899720727,0.0,-0.07312137115660153,0.0,0.053080242298627074,6.549308173922876e-63,0.14231450659052203,0.0,0.20264923571379592,0.0,0.1621781675824845,0.0,0.23027174496157898,0.0,0.2977111893646911,0.0,0.26076841839031983,0.0
79,meta-llama/Llama-3.2-1B,8,0.04396713966569757,4.382663635343086e-257,,,0.26422459701410894,0.0,0.16646132016565848,0.0,-0.0730465855866687,0.0,0.056433339746152104,7.207048697691709e-71,0.1443490384117247,0.0,0.20194137484629246,0.0,0.1642161863835306,0.0,0.2284236140768952,0.0,0.30181489116908594,0.0,0.26695331817590795,0.0
80,meta-llama/Llama-3.2-1B,9,0.04260084281425959,1.741080375313882e-241,,,0.27732166973647876,0.0,0.17236379582917674,0.0,-0.07175333801525252,0.0,0.05953973732663155,1.1291835131031988e-78,0.14386746316442486,0.0,0.20393629945989744,0.0,0.165894033506023,0.0,0.23120783059096398,0.0,0.30030596827572326,0.0,0.27380686889008876,0.0
81,meta-llama/Llama-3.2-1B,10,0.04204224845156648,2.9975217258690987e-235,,,0.2811377490791049,0.0,0.16604681686752537,0.0,-0.06266237885305717,0.0,0.05569068416789368,4.593672683563239e-69,0.1513390855041761,0.0,0.19798170470288529,0.0,0.17329485735079647,0.0,0.22392191538114467,0.0,0.28948596341695004,0.0,0.2691631609335773,0.0
82,meta-llama/Llama-3.2-1B,11,0.03651163589741456,6.100443448742105e-178,,,0.29276969485109866,0.0,0.16563359010488304,0.0,-0.0613301816462932,0.0,0.05357264848675246,4.762286702647952e-64,0.14234266277827504,0.0,0.1959537918354271,0.0,0.16732149783344302,0.0,0.22402346405927892,0.0,0.27390946581388287,0.0,0.26772093120779894,0.0
83,meta-llama/Llama-3.2-1B,12,0.035233119134799755,7.720072051911711e-166,,,0.2856480984056072,0.0,0.16502628586007576,0.0,-0.058496224218451666,0.0,0.04745079282841623,1.2277750251992192e-50,0.13643235459504205,0.0,0.1916005819605556,0.0,0.1615566709174819,0.0,0.2196835275028687,0.0,0.2578087737947211,0.0,0.2531236540767419,0.0
84,meta-llama/Llama-3.2-1B,13,0.03549151837362871,2.9946094250442972e-168,,,0.28738527835898225,0.0,0.16286363434067574,0.0,-0.06073947218034829,0.0,0.048519517773321946,7.311850422860826e-53,0.13935189146128946,0.0,0.1944071667748837,0.0,0.1636082763284071,0.0,0.2204933790649812,0.0,0.2667151471874584,0.0,0.2596705584890058,0.0
85,meta-llama/Llama-3.2-1B,14,0.03673720352986316,4.031994979126092e-180,,,0.2826808397163081,0.0,0.15985630509857654,0.0,-0.06005594542909468,0.0,0.046564740123034985,7.881968298024029e-49,0.13611776538722942,0.0,0.18979752266169775,0.0,0.16032936922138397,0.0,0.2163702399041675,0.0,0.2700527567778196,0.0,0.2610110440762701,0.0
86,meta-llama/Llama-3.2-1B,15,0.03569229356538154,3.8962968765071106e-170,,,0.28556495650438574,0.0,0.16413806364808464,0.0,-0.06550724982924831,0.0,0.04578368279132871,2.8971031643544096e-47,0.13404795384749174,0.0,0.18875604435911056,0.0,0.1582021401411059,0.0,0.21539678961780034,0.0,0.2648501235979397,0.0,0.25777997763826344,0.0
87,meta-llama/Llama-3.2-1B,16,0.036448041533643685,2.497495560363463e-177,,,0.29769835410047446,0.0,0.17905756317854318,0.0,-0.06688624386909613,0.0,0.057859470817964796,2.1190183706862836e-74,0.1433676394803252,0.0,0.2092872945461715,0.0,0.16931084380575856,0.0,0.23573718455824155,0.0,0.28099083210862363,0.0,0.2767784623209527,0.0
