,model,layer,representation,paraphrase_identity_rdm_corr,paraphrase_identity_rdm_std,paraphrase_identity_rdm_corr_within_compound_sentences,paraphrase_identity_rdm_std_within_compound_sentences,jaccard_rdm_corr,jaccard_rdm_std,jaccard_rdm_corr_within_compound_sentences,jaccard_rdm_std_within_compound_sentences,monge_elkan_rdm_corr,monge_elkan_rdm_std,monge_elkan_rdm_corr_within_compound_sentences,monge_elkan_rdm_std_within_compound_sentences,ratcliff_obershelp_rdm_corr,ratcliff_obershelp_rdm_std,ratcliff_obershelp_rdm_corr_within_compound_sentences,ratcliff_obershelp_rdm_std_within_compound_sentences,levenshtein_rdm_corr,levenshtein_rdm_std,levenshtein_rdm_corr_within_compound_sentences,levenshtein_rdm_std_within_compound_sentences,fasttext_mean_rdm_corr,fasttext_mean_rdm_std,fasttext_mean_rdm_corr_within_compound_sentences,fasttext_mean_rdm_std_within_compound_sentences
0,roberta-base,1,compound_mean,0.4922435651914579,0.014135397584314398,,,0.36826570218574095,0.11203518295484381,0.520242407454938,0.19569080968529426,0.023161911390233957,0.1022804314710723,0.28902065578846764,0.2753691304938332,0.39424251457738735,0.10597269331002927,0.5500376031604339,0.1542677272069226,0.29297321255541314,0.11036593126159755,0.5364498031369358,0.1676951489651,0.6917223286403956,0.06240896779859388,0.6478306878306879,0.12895542196371376
1,roberta-base,1,head_noun_mean,0.4224124636619123,0.043340621506750165,,,0.31342791927856717,0.10426836611753612,0.4340624175467763,0.20317486823176534,0.0024267863763964754,0.12429668689813456,0.20400965709610733,0.3575378256198332,0.3407991276769877,0.12709689134348082,0.46790748958160067,0.1754439076555475,0.2718714727605782,0.12446315456877992,0.448550230438269,0.19513456744282345,0.5251725626389026,0.11081890240022613,0.43174603174603177,0.23044936949482567
2,roberta-base,1,mod_word_mean,0.38501252018809917,0.03780715103956116,,,0.32618667232804743,0.10927094296977367,0.3590905672901222,0.19405342967622435,0.022296442702013638,0.06641716029806242,0.20533390408266,0.21564289372694667,0.32069264639499084,0.0927448097072932,0.41139501105345,0.1755824568232248,0.2441401074144499,0.08084085123530682,0.3934478796700336,0.1658649817790433,0.423126715640951,0.10088723635219121,0.49788359788359776,0.1841572376775359
3,roberta-base,2,compound_mean,0.4904516402689144,0.016526396780577834,,,0.3759326461223018,0.10464589145351796,0.5306874947991305,0.19182508023769274,0.026966274642702858,0.09853703574066562,0.2944613756476377,0.28514240448481426,0.4094033899878759,0.10687876838512762,0.5651834095359618,0.1635502385672846,0.3093169479156568,0.11027346922620783,0.557424137452805,0.15184626505049345,0.6919890140804171,0.06407291137874477,0.635978835978836,0.15452489426214147
4,roberta-base,2,head_noun_mean,0.4078540209920103,0.04336707608035621,,,0.2978670251849474,0.09906716674846633,0.41286317596541505,0.2093806548095755,0.017786770429905393,0.1117091250927261,0.20751524639874533,0.3513578125257507,0.3304098225043981,0.1300682298190879,0.44586588476161837,0.18378191314951675,0.26397425951771136,0.12207586941873799,0.4379647139397199,0.20093990348880683,0.5011147723353264,0.11373154036833846,0.4073015873015873,0.2196979075274329
5,roberta-base,2,mod_word_mean,0.3777640713808476,0.032947848540731024,,,0.31952530751767844,0.10630329203605998,0.35989103486930824,0.18382682967151515,0.014514440765341979,0.06517602389625299,0.20800700666542307,0.2136654613881893,0.3187065450988292,0.08977229757919292,0.4035369694173215,0.14349630544498845,0.24627643528976215,0.08308907092656533,0.4079500603055033,0.16730503148691778,0.4142057225727037,0.09811719588065174,0.49407407407407405,0.1911785697766309
6,roberta-base,3,compound_mean,0.4879946253252113,0.020397064496573213,,,0.365346005890069,0.10520165498984993,0.5234260389268504,0.19951421011242657,0.02324702610238783,0.09606547181946873,0.2800077849772064,0.28415869356986134,0.4013257224784457,0.10717993521311163,0.5781587871438061,0.17240866084747053,0.3016731412078853,0.10715504158277164,0.5750184671711774,0.1598291713959704,0.6775598981735009,0.06653422354837973,0.6440211640211639,0.13940745720887535
7,roberta-base,3,head_noun_mean,0.395327522020935,0.04182753707098092,,,0.2934497896512083,0.10290828399388509,0.41657793141723926,0.20772562085695667,0.027569120220277927,0.11041709710464997,0.2166641464091806,0.3805511133280642,0.32787562683529164,0.125533519469006,0.45128147058857315,0.1892481258092742,0.2654552762389512,0.11362964743557168,0.45095451713988666,0.2132627455869213,0.48509045720113425,0.10298363766789577,0.41322751322751317,0.19813285379760281
8,roberta-base,3,mod_word_mean,0.3775705373928846,0.03625925497918658,,,0.29736580976001475,0.10650645492838942,0.33234502608035965,0.18639027671392774,0.016532588010137014,0.07024159539841211,0.1998137429583056,0.21952328112756248,0.30414299508028025,0.08800676489824362,0.3818772686180692,0.1459169693856225,0.22876273688138843,0.08387532848284211,0.3873508032268621,0.14822756876642165,0.4086029389396444,0.11146929621187897,0.4725925925925925,0.18600706507519416
9,roberta-base,4,compound_mean,0.4863729995524621,0.01938599432985562,,,0.36456036574272493,0.10578002322334629,0.5271072081396576,0.20180157458871897,0.027948530890518623,0.0943473791082764,0.2767299322578191,0.2989221287794012,0.3979722633447923,0.10141805274372921,0.5812360548644155,0.15848051604022614,0.30227760434968354,0.10568990767792918,0.5755233378860428,0.16235482454245379,0.6719186708680137,0.0665779907830289,0.6270899470899471,0.1481097455895902
10,roberta-base,4,head_noun_mean,0.3973329003952793,0.040753127101133275,,,0.2908822704239118,0.09964562655933398,0.41750609627921537,0.21441585589438397,0.0516494441455519,0.11629670382532999,0.24438061585909607,0.36062483888838937,0.3303167751730381,0.1198768632974182,0.44168000792562895,0.1997419874180349,0.26801159496955496,0.1142511044811161,0.4504219662404246,0.2188995316324609,0.47478644488477867,0.11066327326076346,0.4154497354497354,0.23054662927773412
11,roberta-base,4,mod_word_mean,0.3878328292822452,0.03828555636887763,,,0.27997868043445423,0.10839548987315765,0.32686387416296997,0.18583163464005156,0.02593901207593433,0.06456219326097358,0.18353154494850085,0.21472665901775345,0.2914137020811992,0.08934593690329862,0.37965477634165107,0.16839947955534768,0.21178935021413361,0.0796799358412011,0.39663342239314725,0.16136612954160015,0.4101605501919077,0.11263934808837185,0.4718518518518518,0.19993277333792808
12,roberta-base,5,compound_mean,0.48220863989865853,0.02070917656252664,,,0.36722387884763114,0.10607188018871998,0.5189632455773644,0.2140912421175017,0.022672212276065428,0.09676326244718145,0.27285314841393304,0.2968036744514063,0.3998813179593938,0.10082970328482921,0.569277651731615,0.16455145863701717,0.305433470862881,0.10322094885815783,0.5748916850677946,0.16383970452055122,0.6592960353443936,0.06195629840505914,0.6182010582010581,0.1565628402862052
13,roberta-base,5,head_noun_mean,0.4052849318355937,0.03761271864271746,,,0.28039528606471864,0.10574699925635046,0.3912113884661542,0.21916114229515257,0.048701170398223165,0.11726372677361542,0.22262687277045362,0.35764656423350083,0.3239021166197836,0.11687105256570218,0.4243702855784086,0.19473980974259278,0.25654970014545125,0.10809873090408602,0.4262797971880976,0.2119829519183196,0.4715860650930088,0.11564202898541054,0.39322751322751326,0.21986464198085792
14,roberta-base,5,mod_word_mean,0.3923560605011363,0.03801594493406501,,,0.272589594587064,0.10953012926820584,0.31550708875540373,0.19068338715255023,0.033722286593800645,0.06493959771686297,0.16794926900585297,0.21505905246598844,0.2882808154801456,0.09077826794180742,0.3752415855794206,0.1735086156171664,0.20891452061374982,0.08067436980257817,0.38004762202576875,0.1704059057583395,0.40537623723475413,0.11627830882485113,0.46671957671957665,0.21204233622783358
15,roberta-base,6,compound_mean,0.480524805317824,0.02175238140101249,,,0.36592048028288315,0.10724460697710024,0.5164185759443163,0.20475960762465953,0.018899235528508293,0.0973274572718158,0.2680734915228211,0.30123392654187875,0.39245136638816713,0.09495588277144038,0.5629631123754133,0.14524730412005382,0.29910158720785385,0.09826882787337372,0.5544523787792711,0.14588032769187073,0.6466296551868786,0.06817621104758267,0.6058201058201058,0.16238870164823804
16,roberta-base,6,head_noun_mean,0.40737279515281055,0.038370933705420295,,,0.2804527143597563,0.10466080483344913,0.39467297878573787,0.22257861247163632,0.04681264005080113,0.11669868637360532,0.22402921105360715,0.3599809376140359,0.3241129276346087,0.11072091179174594,0.41508942775358443,0.20099643625775787,0.25558139372404803,0.10378291815727529,0.41998772439185844,0.20438789727990503,0.47268886077999767,0.11175060469372891,0.3893121693121693,0.21169784929439778
17,roberta-base,6,mod_word_mean,0.3944201957629643,0.03858742652885994,,,0.2771690294027473,0.1069821848385147,0.2991030864262761,0.19712112054334938,0.024390349251893016,0.06613677547005953,0.1591757229517378,0.23898709875972204,0.28712990293860335,0.087028440836549,0.3535014731558272,0.170095099641685,0.2097760534018129,0.08208959766894666,0.35594761301109096,0.17935825434752878,0.40681833663595574,0.10764475415421734,0.44375661375661374,0.21688224379454718
18,roberta-base,7,compound_mean,0.4774777382389343,0.024347301358456138,,,0.3700510467140595,0.10612118490965314,0.5187662096194346,0.20099570463346628,0.019312201176601852,0.09984503711746716,0.2622577096979238,0.31141503984478575,0.3947386246304575,0.09446970957762005,0.5825211712844133,0.1516854768263363,0.3003102229819742,0.0978190328160793,0.5642897097113803,0.1655726377723008,0.6405965738937517,0.06659497822991599,0.5984126984126984,0.15733834241356817
19,roberta-base,7,head_noun_mean,0.4010180328386133,0.037991341341815206,,,0.2826960834700982,0.10037509125840095,0.40548559096694653,0.2167996344288046,0.04854571639826352,0.1244750007165285,0.25414987591125726,0.3876608456409372,0.321512776732111,0.11177159722438318,0.4459293044897698,0.19516651671449037,0.2506579403779907,0.10572734154932306,0.4254851169924169,0.20698187732665183,0.46527473678044534,0.1079436335973711,0.3961904761904762,0.1931581903615202
20,roberta-base,7,mod_word_mean,0.39106951148346003,0.04028868931256722,,,0.2788375342700286,0.10971619146110921,0.3210751426085715,0.21081851704639915,0.027666794664644393,0.06907818837157444,0.16545640841760695,0.24430713151427697,0.2969147538258433,0.08997672942582223,0.3783178799435652,0.1758584272636698,0.21591918537405608,0.07992384206555588,0.3824124198144295,0.18379419075665077,0.40782355097620115,0.1173728293598272,0.455026455026455,0.21671223945912813
21,roberta-base,8,compound_mean,0.46936768386515476,0.027948632729029477,,,0.37658878773428417,0.10339030437694878,0.5269008882425873,0.19204955170555008,0.01845415082885503,0.09316912726250363,0.28508606194162617,0.30700066931941433,0.3984013441543909,0.09700406625573064,0.5713520345571897,0.1633478101441504,0.30832686532146814,0.0982795397201969,0.5671247346564645,0.1505843826566096,0.6355468336244859,0.06892387411911324,0.5931746031746031,0.15682649465159945
22,roberta-base,8,head_noun_mean,0.38465359699377044,0.039250204918386135,,,0.2839972577975327,0.10055652957391119,0.39947509047031576,0.20016516150991828,0.04597292225937557,0.11763028617806656,0.24138060505401557,0.35915352440905957,0.32243813728694215,0.11133976447395627,0.4476311137570787,0.19143927874165248,0.25790856596439066,0.10740820853673204,0.4379203412070388,0.1904868562829619,0.46101914450745896,0.11344980343448287,0.4021164021164021,0.19971985642905463
23,roberta-base,8,mod_word_mean,0.38190203503289427,0.039097412726486556,,,0.2972791381000496,0.10869107563464257,0.36155549081818517,0.197943399226327,0.02648606214013201,0.07172625603825705,0.18359937170202695,0.24829109675289027,0.3138225046470614,0.08906841977884496,0.41049472637452306,0.1745564610167836,0.23676029810487317,0.08042416156907566,0.4140323879340899,0.17408190741745688,0.4231600956052002,0.111837591690868,0.4942857142857143,0.20928902991597023
24,roberta-base,9,compound_mean,0.45549823105777154,0.032029180961917876,,,0.38369918066272074,0.09428751311374095,0.5210524324551515,0.19408428068851172,0.029213455230794317,0.09096039786826607,0.282934470792382,0.3087665024563105,0.40311363661130944,0.08866441764853457,0.5720896988886477,0.16125190175579585,0.31765295291744705,0.08935454513020083,0.570220355818579,0.16042210327734133,0.6227946532856806,0.07875550511314255,0.5776190476190476,0.16828932941782598
25,roberta-base,9,head_noun_mean,0.3707968494386174,0.040864956340580974,,,0.29540442446822585,0.0990467241999974,0.43058200967233057,0.20062141328926417,0.054121273010871156,0.11748665465045241,0.24963645039349897,0.34661677944442576,0.32922483761667043,0.11284558398344706,0.47142882233687994,0.18244704727684952,0.27105554497395645,0.10791977551905446,0.46922352792160427,0.18897064657805068,0.46099852887386406,0.11955935920071378,0.42708994708994713,0.18947307880290773
26,roberta-base,9,mod_word_mean,0.36412296208045636,0.04012892221583593,,,0.30066681301923676,0.10427940964344563,0.35699310311419497,0.20226498553619526,0.04196820471146421,0.071814518055484,0.15961505562552442,0.2297536262553918,0.3175617210184904,0.0906417722737005,0.3923842545606495,0.18417697028954808,0.24340524941098743,0.08271179203746075,0.40605991032267713,0.1940349122570713,0.4070161526319801,0.1158185018676736,0.47947089947089944,0.19361606650774754
27,roberta-base,10,compound_mean,0.4467490902776644,0.04168837837380747,,,0.36708727906592586,0.10088874489985007,0.49066634732694986,0.19981584313462147,0.048276537160496576,0.09536065154548139,0.26611175712841195,0.30197377630969746,0.39282687391964066,0.08791308449792104,0.558185359895311,0.15936557660958595,0.3085650273480879,0.08929001768899114,0.5557168158732487,0.16342829999602515,0.6007541570333605,0.08057243947578006,0.558888888888889,0.1608529221103562
28,roberta-base,10,head_noun_mean,0.3675919295029099,0.04599824423210184,,,0.2715606087415381,0.10165159857128572,0.42688339735474223,0.21309372238536048,0.0707769604709748,0.11807781001408801,0.24671181328714192,0.34281134269406044,0.31837417273398844,0.10891927086924583,0.4600934507286668,0.1918898134970894,0.25906868711584385,0.10589601426448976,0.4638040090427222,0.21779705912425606,0.4433819261945878,0.10913670371574438,0.4004232804232804,0.19464008442419214
29,roberta-base,10,mod_word_mean,0.353709274096851,0.050274666057863446,,,0.28893301147158545,0.11074933036575808,0.359257342524114,0.20207189098648254,0.054884339847792805,0.07518090483402229,0.16690274318988674,0.2489863180865855,0.30561645463081105,0.08625206287650206,0.4068494384423167,0.16606652730317595,0.23588668961240947,0.08167890605861686,0.4167508390174209,0.1776568834615128,0.38920577480243695,0.11762775901350331,0.4775661375661375,0.21202322485189964
30,roberta-base,11,compound_mean,0.4392764242942356,0.04702061334444456,,,0.36209209543544113,0.09880579703706381,0.4716891415857544,0.21176396992242374,0.03211503947871356,0.09731309016551648,0.24821268993524206,0.32009741281177306,0.3834450708554008,0.09203573760195366,0.5408479758346206,0.18078617285400547,0.3034619245958712,0.09247550543995973,0.5398579056339653,0.1786692830581538,0.5941027189092465,0.08803030133653433,0.5456084656084657,0.17066798416389087
31,roberta-base,11,head_noun_mean,0.36716155842163567,0.046205564064892915,,,0.2662971797998193,0.10342493448516574,0.41183937750721394,0.21020844502127548,0.06390810645982817,0.11866967490810057,0.2448232232816836,0.3469939016092168,0.3119795424016384,0.11281800955244912,0.4448412771975624,0.20038654541336548,0.2537914035192431,0.10813055273468888,0.4539273662393826,0.21709789933615012,0.4464865651374301,0.10832207491799116,0.39820105820105817,0.1905294164316816
32,roberta-base,11,mod_word_mean,0.3365206600876918,0.06091702349872532,,,0.2907464183035516,0.10666712144420323,0.3342413578129109,0.2010411908282798,0.03777312540402778,0.07569551125768768,0.16420954150310482,0.23983157953327253,0.295631283874725,0.0838444192221158,0.39585672587496473,0.1826675422185199,0.23416642255152478,0.0831062343271882,0.3998010215546731,0.18768122301514978,0.3794459795817236,0.11801153687096144,0.46386243386243386,0.21049086725039445
33,roberta-base,12,compound_mean,0.4533972271184405,0.0399591513833578,,,0.33209088962045513,0.10530733356624492,0.48829301138268383,0.20986522073967712,0.05957856815866491,0.09589227196199519,0.2703700307448659,0.33262361457835826,0.3753888571615509,0.10191119406618335,0.5386374004047024,0.17746786958553173,0.28583213446225814,0.10259737765680578,0.5400506898929858,0.16694883959519186,0.5832740456264888,0.08786298973936955,0.5085185185185185,0.15105073230917665
34,roberta-base,12,head_noun_mean,0.37960490932866,0.04874096178650381,,,0.26198386442862975,0.10002851974238158,0.44062105300526383,0.19509355206875587,0.06422775987661661,0.11154704311820773,0.2707066537931984,0.34787702431905104,0.3074976668923975,0.12098838628586694,0.4731107831722534,0.1837350214641255,0.24741828312606168,0.1173078322310529,0.47872367800976945,0.21454281436069975,0.45211335722477103,0.11442631554043489,0.41841269841269835,0.19537337765862783
35,roberta-base,12,mod_word_mean,0.3468604759366743,0.056616582307341526,,,0.25409698384763285,0.11413934723963233,0.3671750885920825,0.2118507274514993,0.06215251628761267,0.08229379666072216,0.19101027462909403,0.2447303395070222,0.2806716055196112,0.08781218833287965,0.4109558376645602,0.16937852288398514,0.20841649061717335,0.08589686083766995,0.42407080781129347,0.19372529258312046,0.3611243630779305,0.11680018380218847,0.4815343915343915,0.20632030051237354
36,bert-base-uncased,1,compound_mean,0.4937268272777937,0.013133558081650119,,,0.3469551853098776,0.11516201517690214,0.47919415725597264,0.22152563423040228,0.03226206573928482,0.10383079252706931,0.2595974561321774,0.26011140079088707,0.38178904401813435,0.1107851953374667,0.5212950508963796,0.17302297442094083,0.2736922156052628,0.11078234245236539,0.5130143268580178,0.17913178871968133,0.6951503521891141,0.06754899919926673,0.6692592592592593,0.14679521115896246
37,bert-base-uncased,1,head_noun_mean,0.4220142119945302,0.03683661676535023,,,0.31806606875636034,0.10267256759377029,0.4653298355609448,0.18840481244078564,0.01624253435989797,0.1278804551894803,0.2400044100640123,0.3480142309243554,0.35705616492982417,0.12140299598058316,0.5139223246353907,0.15932629129781448,0.28830003717368424,0.11737668440257994,0.48254131772040143,0.18566479328105098,0.5296882729382566,0.11751111938423026,0.4665079365079364,0.21316258677774683
38,bert-base-uncased,1,mod_word_mean,0.4007978649463107,0.03826181624154419,,,0.30094632376859537,0.1125125393340423,0.3620615903731571,0.20373256974948686,0.029983086810278798,0.06419949630374298,0.21579544996337083,0.2048926920987292,0.3143511855328355,0.09153748038450145,0.401724705633759,0.15625587181232284,0.22687453879566505,0.07456630942343792,0.4021480083332974,0.17412348947845377,0.45092016192942963,0.10289665179702326,0.5062962962962962,0.1830285532455387
39,bert-base-uncased,2,compound_mean,0.49248685700916356,0.01463596986789469,,,0.3433589741523819,0.11292502895918807,0.48045931417983484,0.21699616610192266,0.034116305516285236,0.10306539684749648,0.27040681691233837,0.26455321959612166,0.3840357146306895,0.11484966057190325,0.5308789150237573,0.15980403299477433,0.27588559539899543,0.11529371006547741,0.5225220081853136,0.1682282150174432,0.6936351407945958,0.059873427447802136,0.6743915343915343,0.1426481324235947
40,bert-base-uncased,2,head_noun_mean,0.42524471945916414,0.03667414124161405,,,0.3105186948368892,0.10680547365346817,0.4601810859093761,0.19099780240555317,0.017610492785786455,0.12926297689662583,0.24480302475130875,0.35996749467348493,0.3466173011863869,0.1272400788344231,0.5155478921116704,0.15293040662881147,0.2797214925022233,0.1242656321577702,0.4976045064960138,0.17058218594495977,0.521786738357589,0.11610461375511108,0.4694708994708994,0.20655512043195146
41,bert-base-uncased,2,mod_word_mean,0.4039689860994585,0.03908479479009793,,,0.2798422279425459,0.10969684377348739,0.33823552746771673,0.19760581157908952,0.025001540890482756,0.06708452662483429,0.19266603830807327,0.21399610147999812,0.29387172932545896,0.08926246107863982,0.3865953555799291,0.1608227259182811,0.20752426663031617,0.07538052765088099,0.3750392582212675,0.19083068074774262,0.4378187882930752,0.10011578806359783,0.49359788359788354,0.18067321979551357
42,bert-base-uncased,3,compound_mean,0.49150360934009085,0.014640390337227987,,,0.3607425653252771,0.1093579956834654,0.4971566447230045,0.21448843766869677,0.027395940281369456,0.10004897447584901,0.2675054386410482,0.2644274317186155,0.3985884020070414,0.10514544312688923,0.5487291190906995,0.16064952251368428,0.2966339740501328,0.10768837459055527,0.5413903627146958,0.17553576004331067,0.6919768784187686,0.0552647132988008,0.6780952380952381,0.1318348651868859
43,bert-base-uncased,3,head_noun_mean,0.4170804691697674,0.035057367811770344,,,0.30299500065443524,0.09996612416814837,0.4256745647224653,0.19179971899272366,0.019490777639224348,0.1259935042947286,0.23575528205095436,0.37137593325558876,0.3419426454822511,0.12333006399881166,0.47728267485860765,0.15507433106855492,0.27824314317792453,0.11738123619222539,0.46658811797661687,0.17340713173587505,0.5072944129944316,0.11651164251503568,0.4435449735449735,0.21213784748679043
44,bert-base-uncased,3,mod_word_mean,0.385709936428927,0.03909500039107273,,,0.30000260337849755,0.11046366785029979,0.3418683736539474,0.20365082126768658,0.009654069493922522,0.0677223911387218,0.19284235698507135,0.22682664447237313,0.302970081831582,0.0941098145417727,0.3968293649343097,0.1727889537760924,0.22856616075524608,0.07645321907330173,0.39516955905787726,0.2033868108241798,0.42656085884217987,0.0985947346277131,0.5098941798941798,0.17278134842007675
45,bert-base-uncased,4,compound_mean,0.48913058745249394,0.016428020526791123,,,0.36666595943792585,0.10821843254857405,0.5058989641769852,0.2177630460401302,0.027268257596324296,0.09640083701424991,0.25934165659494746,0.2674747918054791,0.4055619456735693,0.10403963447597052,0.5516361414053031,0.16576627036811223,0.3074921803596876,0.10646478722569938,0.5404511114157303,0.16540024483935994,0.6875157565779872,0.051533742328503516,0.6611640211640212,0.14729140024374088
46,bert-base-uncased,4,head_noun_mean,0.40798489161925017,0.03408532120545711,,,0.3090748062073342,0.0998491596671108,0.4317672182639907,0.20802044221242563,0.016261826363929074,0.12343780915726822,0.2407221654754401,0.36101629480198305,0.34113770461125925,0.11856886313688639,0.4781202978207032,0.1605366036937077,0.282096120391678,0.11299218829054812,0.4788907428277421,0.18912953025658366,0.5045329563115597,0.113631164280814,0.4458201058201058,0.2180318189615291
47,bert-base-uncased,4,mod_word_mean,0.38127161093664036,0.039865902866843404,,,0.29907679459802405,0.11033415977260876,0.33653525711858556,0.2062115159096253,0.02027713573161235,0.07161961257846718,0.18672369402091346,0.2137726393510877,0.3078874196116905,0.09343928633118573,0.39898634649818876,0.15884323175706297,0.23159894727690417,0.07688123825760759,0.3937019168484154,0.18597076140776572,0.42095385216693476,0.10330733798915917,0.5076190476190475,0.1702780320935611
48,bert-base-uncased,5,compound_mean,0.4882708684453575,0.016619129701252226,,,0.36970484639922774,0.10772981426392353,0.5146176961746916,0.21437537119301614,0.01590945999861593,0.09657269554792489,0.2585567622012085,0.27421883965302046,0.4010529656626465,0.10333119026316696,0.5679505228723559,0.17264387989176497,0.30617690537011083,0.11138659119871845,0.545502971549136,0.17173611225182916,0.6845760796038314,0.05445729314692789,0.6634920634920635,0.14133700323724493
49,bert-base-uncased,5,head_noun_mean,0.40712187209046186,0.033277581594717554,,,0.29965921510263166,0.10352502175267331,0.4251268578590357,0.2213956006752498,0.016682737493217463,0.12330138980747776,0.22084505755789166,0.3530516588756895,0.330540813833795,0.12208573582893208,0.46225270978901045,0.1755900945762304,0.27230154281517976,0.11601052034384825,0.4668813943027661,0.2090375723869495,0.4973453662731069,0.10910540292201809,0.4465608465608465,0.21252039195240727
50,bert-base-uncased,5,mod_word_mean,0.38623712202659816,0.03986540609361872,,,0.30206137797387755,0.11111870488649027,0.34768057007737774,0.21094997201207538,0.013711205108401469,0.06958315611331052,0.19282445344660065,0.20853174908499933,0.30843920040873984,0.09136571241663922,0.40183498814841023,0.16409799645755413,0.22987434362706013,0.08043543890927402,0.409499269560801,0.18887672964097843,0.4299527710869492,0.10189311228263104,0.5135978835978835,0.173623119262217
51,bert-base-uncased,6,compound_mean,0.4861100012516156,0.0165566422128578,,,0.37235295465727153,0.1076882577036557,0.5169923055501489,0.21532949301371287,0.019364400705250005,0.09453004601460781,0.2571797006845932,0.27834664145481997,0.4039321641398148,0.10407857465508692,0.5702944620754029,0.16760275892498605,0.3124613786254905,0.11233068795237612,0.5522359133379737,0.1679651870487582,0.676977095851566,0.05410156969363215,0.6442328042328042,0.15243370632984296
52,bert-base-uncased,6,head_noun_mean,0.3987821806528874,0.033373666744033775,,,0.2988844945826517,0.10384811386875582,0.41534864607803607,0.24201637582599017,0.02181250813030724,0.12373063716597238,0.21390994487512713,0.36531484649827034,0.32994006381790253,0.1205710149264377,0.44204914157938113,0.20294666856108817,0.27497642658106347,0.11567339073917585,0.44583432315776184,0.22031365748487,0.48451878051891245,0.11037284305915944,0.43396825396825395,0.2177843335894482
53,bert-base-uncased,6,mod_word_mean,0.38080710580720295,0.039609504688080485,,,0.3028098839644826,0.10872887689064022,0.34487486438940884,0.2132712015138445,0.020128395244410846,0.06917436615337184,0.18867846003239033,0.22058885575083736,0.30880984832948805,0.08882885219139121,0.38866193385111625,0.16152649967246932,0.234301119614394,0.07952574461476664,0.39396005081834573,0.18741058488238807,0.41923398340107193,0.1044158653787515,0.5085185185185185,0.17507631101220003
54,bert-base-uncased,7,compound_mean,0.48297631659997775,0.017093617666562262,,,0.380252067878703,0.1030151005462729,0.5229813352179583,0.21321060965137292,0.02050493881641145,0.0945803326170558,0.2671883798015107,0.2842556685519469,0.41164666539996414,0.09886212459626102,0.5756610766605872,0.16578080452859897,0.3214824171466451,0.10751064635017538,0.5620205190616333,0.16998750262421097,0.669586626293423,0.05331361882144469,0.6553439153439153,0.15322996139410544
55,bert-base-uncased,7,head_noun_mean,0.3903177666380178,0.032246871841929835,,,0.3011127773472046,0.10320379513264345,0.40918274494851453,0.24782844432551832,0.03039863961823241,0.12851673902245844,0.2014759869536339,0.3621209079023479,0.33788380567076143,0.1202520268338366,0.43818943490179507,0.21353707340266276,0.28690444445927066,0.11554178144406867,0.4373180509102507,0.22277184266955172,0.47598702724392844,0.10696862848315072,0.4308465608465608,0.21238632372472807
56,bert-base-uncased,7,mod_word_mean,0.37691296731626334,0.0384029785622509,,,0.29360419239743435,0.10841830797523647,0.3388698000458334,0.22532678019648536,0.02623883116329576,0.06843033338403234,0.1949737543825726,0.21931804320071008,0.3049958374400153,0.08884814533493741,0.3871019687859816,0.17528110173437536,0.22997202156690508,0.0756486630955671,0.4013219815781389,0.19586802487347527,0.4101257460402758,0.10613926497071569,0.5018518518518518,0.18992273354918007
57,bert-base-uncased,8,compound_mean,0.4799429089780072,0.01818014341472433,,,0.3826984008328215,0.10535017695040097,0.513225606059371,0.23100935110308554,0.03132280371215689,0.09629828722208567,0.270077548725083,0.3039053286924981,0.41511395049391164,0.09457907539062713,0.5698047238293633,0.1736321494170387,0.32683400099022614,0.10042324261539896,0.5500425519590267,0.1805900987387446,0.6595376039346682,0.05550128017432386,0.6412698412698413,0.14464257589916116
58,bert-base-uncased,8,head_noun_mean,0.386905866545301,0.034798293348617525,,,0.30073255841792046,0.10498071210125737,0.42371174031343994,0.24772387907794308,0.04804414061050406,0.13488434956595924,0.21269906732243501,0.3651210821600669,0.3464544550377446,0.11602297725212644,0.4513291756439208,0.21346772490842642,0.293131767455363,0.10979061897164141,0.4440952952790244,0.22725290203337045,0.4712881372577469,0.10102120841895453,0.4517989417989418,0.2066960793662657
59,bert-base-uncased,8,mod_word_mean,0.378391465119986,0.03918290739393137,,,0.28999939689308146,0.11247978161650876,0.3463311676279538,0.21896374164201246,0.04620353766050745,0.0620118357988338,0.19882154316834405,0.21427659639481864,0.3095887040135414,0.08362968809577312,0.3928612902886624,0.17519318867978698,0.23121799300219972,0.07069951962444056,0.4041571835455409,0.18760921687753612,0.40927048627335105,0.11135103281880183,0.5010052910052909,0.18678476959476997
60,bert-base-uncased,9,compound_mean,0.47832213019662706,0.020800471406106583,,,0.36571235230526716,0.1032259679985877,0.5200052544641102,0.23587316207230644,0.03750838300569178,0.09220992854490748,0.28754414931770184,0.298058759523348,0.40168357592073817,0.09250745604771558,0.5653369449662323,0.18155480554481565,0.31124728444837857,0.09909650799810474,0.5500363184641809,0.17308344734673814,0.6483641681446232,0.05614207509949562,0.6412698412698413,0.1502250488358184
61,bert-base-uncased,9,head_noun_mean,0.39152537671027754,0.03514403853966219,,,0.290597447440961,0.10559021737246749,0.43201535490899723,0.24475290653516685,0.05668923363225554,0.1290421538691445,0.2257280076061731,0.36472769089512774,0.3452090052312451,0.11729721771358194,0.4548892589114814,0.21788891078907022,0.2846807588863127,0.10807527264036115,0.44716127930548377,0.23327011336756104,0.4756525251653168,0.10120137350474778,0.45105820105820105,0.21237699133980423
62,bert-base-uncased,9,mod_word_mean,0.3841452148983811,0.03882672242498101,,,0.27903011286435325,0.11147065542895696,0.34685550489957634,0.2030128748385503,0.04204472486651331,0.06364216370715427,0.18488648480791559,0.22108324158364911,0.3006035031006072,0.08247548704032338,0.3835761953391366,0.17444560997643774,0.2191803410456459,0.07248136032738176,0.396586021009488,0.18454330995228058,0.4110141229287366,0.11059444662753372,0.4867195767195767,0.18094448294902216
63,bert-base-uncased,10,compound_mean,0.4824013493961123,0.01949711221687872,,,0.35426821176454826,0.1067852698609159,0.48963317739212286,0.23022191689625465,0.034768387586275575,0.09715342429878024,0.2736513876311095,0.300508693021147,0.3891039524003806,0.09586504067187937,0.531125253113604,0.17444095921972858,0.29639836230734307,0.10273996723719374,0.514744502345722,0.17484385156781243,0.6482111655759764,0.06156372040132163,0.6113756613756615,0.16967483480080903
64,bert-base-uncased,10,head_noun_mean,0.402980426105802,0.03628646192582013,,,0.29311151911704425,0.10955882566311201,0.4477595217698555,0.23612138701239851,0.057633565062446164,0.13350815320037498,0.2293817263690948,0.3615045197732559,0.34578772757039083,0.11905737367371408,0.45989112063609683,0.21307473558408938,0.27924757482364504,0.11424256979985048,0.45562649481713613,0.219602026052719,0.4944967422837806,0.10032433460736391,0.46206349206349195,0.1881725110847531
65,bert-base-uncased,10,mod_word_mean,0.3974536479732446,0.03885288047264396,,,0.27204433199794936,0.10947128241286008,0.33857129717241474,0.22906212526224842,0.04253033060771711,0.06467750545595193,0.17952679181866768,0.23290776499116655,0.2966231815671359,0.08090336321586301,0.3827866885585322,0.1775628704885539,0.20933515349992643,0.07415980331607093,0.39128012153407427,0.19750098739007155,0.42105419085018025,0.10708142605364393,0.48804232804232794,0.18597491472304972
66,bert-base-uncased,11,compound_mean,0.483508330178778,0.019865256741458878,,,0.3395316196185532,0.11529382545354454,0.4769355093829414,0.23020527775897126,0.03557611059882582,0.10312845566033063,0.2744148657018383,0.31397621031251477,0.3742501684886062,0.09813970787387907,0.5169449781901656,0.16926304099614226,0.2785198299878253,0.10197237255487887,0.5185261156269687,0.1740909962735729,0.6309115544827332,0.06544228658220623,0.5966666666666666,0.16608912278598775
67,bert-base-uncased,11,head_noun_mean,0.41458061608910535,0.036204277866553725,,,0.28662423383303787,0.11235427015770966,0.4462107725137068,0.23533559485979869,0.057397603515642756,0.13253892462909087,0.24025517697285695,0.37142693116656483,0.337872445277071,0.12186772123782237,0.46362522191377653,0.2132938810515257,0.2658743359901249,0.11823044614105312,0.45617888262549133,0.22205843562221922,0.500719021819801,0.1052698396891703,0.4553968253968253,0.20133961786830723
68,bert-base-uncased,11,mod_word_mean,0.404651593048658,0.04119210040711917,,,0.25840138759794884,0.11210387853920599,0.34030037716332745,0.23287254836792146,0.04362788396855912,0.06935056822760498,0.1709623471602407,0.2213667826841624,0.2884751255860616,0.08029355253543467,0.37855933422085736,0.1830603096895328,0.19972894257752133,0.07916344356936987,0.3951246952695974,0.19620915448497592,0.4172677665600174,0.11002938544321617,0.5008465608465609,0.17945951221736126
69,bert-base-uncased,12,compound_mean,0.48200747106215575,0.021858966509405935,,,0.3347534056143289,0.11656819334114579,0.45369889208101594,0.2375814761840981,0.029476563907664337,0.10438459506477812,0.2686597716991596,0.2653985662512984,0.3633492584865749,0.10185144454561335,0.49581528828631893,0.18987478787967285,0.27180478291985993,0.10843195209621927,0.48775450888646316,0.19822503868462343,0.6270261462788148,0.07202139903479605,0.5913756613756614,0.17032082982772903
70,bert-base-uncased,12,head_noun_mean,0.42864834412122527,0.03293159200681258,,,0.2809390347288471,0.1106495977453622,0.41859829233772333,0.25882127853323533,0.05218759164537209,0.1312175142898149,0.22880997136807266,0.3618283474155178,0.3263598799934371,0.12016197228822992,0.45031197260771266,0.23698546059665834,0.257931735211367,0.12304713861816367,0.4449986138665594,0.24188976688851735,0.5124839997532638,0.09700021622630293,0.4257671957671957,0.1932505984227923
71,bert-base-uncased,12,mod_word_mean,0.4135771947553469,0.042086143907454326,,,0.2716414227072748,0.1141008356536993,0.317086208124583,0.24443514315752826,0.029962283588826764,0.07010787671233616,0.15648386130677522,0.20889988294394893,0.2911213237687283,0.08374615427613924,0.3561986205223675,0.18150276648626595,0.21019420894160165,0.08242465020610236,0.36033738568249535,0.20926089767002348,0.43847393355393843,0.10469239762275652,0.4793121693121693,0.20446555123445947
72,distilroberta,1,compound_mean,0.49169168465113183,0.015692926604672884,,,0.36853157601478603,0.11410042308348005,0.5338420767274707,0.20331060117136196,0.037166360814255034,0.10215475224011884,0.29359992177086575,0.30101195917255313,0.40474044331147735,0.10776902128447781,0.5619399406958103,0.15971088419086912,0.3007342915465931,0.10566839816556865,0.5295766841225572,0.15670700617188357,0.6918948787876656,0.05974297872773246,0.6403703703703704,0.13671583979363952
73,distilroberta,1,head_noun_mean,0.40871102234214224,0.04363852796431618,,,0.30296251253551654,0.10677372997160037,0.4310886745107151,0.20396531193724818,0.01671144744879412,0.11319787763710044,0.22534710562444404,0.3646408496856569,0.34417375700968106,0.12824435831966183,0.45712393833438864,0.1726875849400576,0.2765260895372282,0.12247352725020924,0.43281167220530553,0.19366963541682622,0.5126856906280993,0.11716458974902351,0.43470899470899466,0.22554125089459628
74,distilroberta,1,mod_word_mean,0.3790406892429651,0.03599668966736128,,,0.3158044952696795,0.10967852673122651,0.3336553486196066,0.1973437484415292,0.03116314246561297,0.06565486080558448,0.18499407725166797,0.21280503694873157,0.31909692521140637,0.09016220112522019,0.3940394004812069,0.1519872554380622,0.24418430678146788,0.07852466812098298,0.3830024848143608,0.16460834870709204,0.41507345783930844,0.10239680225640117,0.4934391534391534,0.1975956652337778
75,distilroberta,2,compound_mean,0.48727152179495664,0.019382217773770836,,,0.3651390516716696,0.1106944415917737,0.5339612832057626,0.20858284472646355,0.03611386085602473,0.09908716034580999,0.29169432916886046,0.30466798187322136,0.4070983778682312,0.10709812936850044,0.5734508430933094,0.15675403619317846,0.3083113087801375,0.10228881238643177,0.568814209877691,0.16616020286217764,0.685177155831569,0.06085637692907018,0.6537566137566138,0.12917406180658017
76,distilroberta,2,head_noun_mean,0.3942513010946596,0.04328603302683961,,,0.2911861201018381,0.10553924186815455,0.4211843990178076,0.218961955123786,0.042666609667845544,0.11760085156073172,0.2285975441084153,0.3573767867039492,0.33754668099627827,0.12475212253219944,0.43925967032278784,0.19104205150181713,0.2739885295176052,0.11281725189243919,0.44651032719084877,0.21160126758431408,0.4771670336469641,0.10460550194087208,0.40730158730158716,0.2126931216273115
77,distilroberta,2,mod_word_mean,0.37164828512737114,0.03464809399187452,,,0.2914319456275631,0.10611105894184224,0.32175463883553124,0.19381722059469458,0.03377866373693469,0.0700963224769845,0.18065673588195855,0.22161830621236123,0.3041482896374668,0.08715048247658247,0.3750557519459557,0.15185864661223283,0.22847595487953332,0.07961689637000523,0.3971164959756628,0.15319481742428623,0.40405126096561095,0.10473243050361969,0.47111111111111104,0.18084392925661394
78,distilroberta,3,compound_mean,0.483083150769687,0.019913128650495434,,,0.3663604904932446,0.10748730574902882,0.5284529649456667,0.20948176170330063,0.05129584736340057,0.09112650895151647,0.31109731392853096,0.28851337317566633,0.4115519710393294,0.09773180701671473,0.5807529763651395,0.17284258672244326,0.31418087946914036,0.09485464496507344,0.5754347414613891,0.1605801760564384,0.6667933865451068,0.06306552425795571,0.6406349206349208,0.14861393142328458
79,distilroberta,3,head_noun_mean,0.40250045568204146,0.03725013472917682,,,0.27627509871409933,0.10871406777774602,0.42626022606329655,0.2219443185892692,0.06767340852582399,0.1189328775668142,0.2685432520849085,0.37649278725981306,0.33726241524559647,0.11605216501275505,0.44973325726111407,0.21889304449638278,0.26757816465115963,0.10573301457178164,0.45170078430521615,0.2277967349167162,0.4634666644792404,0.10253584320995482,0.40137566137566133,0.20732886429897152
80,distilroberta,3,mod_word_mean,0.3786547183223403,0.03344077605179276,,,0.27325259310427935,0.10355793155889821,0.32981057486256915,0.17784499920181016,0.053529646012466,0.0719738876194092,0.18426912919940036,0.22597213766376334,0.29971931680295943,0.0866645270558543,0.38621866929871235,0.16870346270762657,0.21967653608075902,0.07750864617602411,0.3948866471946149,0.16984753642084674,0.3886954947125051,0.11167393908819165,0.4680423280423279,0.19059288018852125
81,distilroberta,4,compound_mean,0.47190122263042306,0.02534117437565652,,,0.37504918995977765,0.102683950133956,0.5397012258760375,0.19249314990902391,0.0542760650918765,0.08881520679687867,0.3056671114049719,0.28366461563255957,0.4191934607451154,0.09393355612908101,0.5846106247776903,0.15062623593121716,0.3233834060032681,0.09447442395437793,0.5889171950622589,0.14335704814316674,0.6587808680644489,0.06701564643562921,0.6347089947089947,0.15926034909715164
82,distilroberta,4,head_noun_mean,0.37990458971016117,0.03848656049174902,,,0.28887202834038883,0.10535662424951416,0.46154389906754967,0.19712879411901568,0.0729907932280799,0.12364588201584756,0.28414465206714684,0.3432742389766733,0.3489542881253559,0.11385928738370618,0.5056889263400289,0.19918507361719942,0.28676602907760335,0.10208919650686606,0.5038670925776829,0.20954171142565664,0.45781115879498263,0.10358905157391925,0.4537566137566137,0.21026952966200402
83,distilroberta,4,mod_word_mean,0.36752498013065343,0.03540167845633994,,,0.28380583465138987,0.10378750948150764,0.35354819887553274,0.17326046091408057,0.05443716657375701,0.07678937346338512,0.19013909967217743,0.21807351314435391,0.3079008808863961,0.08559097488452655,0.41401978707394593,0.1574284526010576,0.2322068582504505,0.08082814018000924,0.41953531942391714,0.15929740643438994,0.39787148472626,0.1072019509250555,0.49095238095238086,0.17513802161323067
84,distilroberta,5,compound_mean,0.45255002598920324,0.036202142557808445,,,0.37085524795575053,0.105382964135954,0.5251463735518525,0.19552296429816327,0.04808084777572829,0.09715072794714845,0.3003077599608509,0.2968673661106299,0.4034512607672576,0.09955975336572849,0.5789824531266345,0.1583745975678777,0.31842538805389664,0.09947959845023989,0.58646143117221,0.14881109309557553,0.6355458161114328,0.07389403315892276,0.6159788359788361,0.16207063467686728
85,distilroberta,5,head_noun_mean,0.3659516418107248,0.045483489487208435,,,0.27886035451361985,0.10664198272622029,0.4653261683450503,0.22407620763330305,0.07583567619094612,0.1271445082806486,0.26609801310824444,0.3259303165320836,0.3348091610996917,0.11341907995569739,0.5094685312665763,0.20077181849320502,0.28195259233321474,0.10393605817986845,0.5220119238332934,0.22803280189770067,0.45508557526364235,0.1050791523578652,0.4747089947089947,0.22938089080937651
86,distilroberta,5,mod_word_mean,0.35283432451061386,0.05082745477721502,,,0.2859547092819017,0.10887785180730225,0.3871342742871882,0.19076112322510327,0.06024814724669441,0.0731865601006732,0.20141022861028518,0.2148811088689313,0.3049655195465488,0.09337968555880478,0.44786181430761574,0.16803294428550367,0.22772998703051683,0.0886539517644023,0.4488870490997558,0.1684002825116036,0.38776813093439916,0.10551170185843645,0.5233862433862434,0.1933187079434008
87,distilroberta,6,compound_mean,0.4584496728752547,0.03786367983114654,,,0.3532681558782656,0.10898594419753206,0.52845653459322,0.2205355537073427,0.04995472083729075,0.10244819072634079,0.3088380747865383,0.31699129916237406,0.3881645768150393,0.1095528942452885,0.5822721995190875,0.19064169623631666,0.30032456073801445,0.10774585400666045,0.5828981481784652,0.17951081159280607,0.627718660957518,0.08059013860668286,0.5813756613756614,0.17856163798361288
88,distilroberta,6,head_noun_mean,0.37498282737180755,0.04879453454636825,,,0.2748751835215534,0.1098078272872234,0.4939914004316924,0.22005729715478825,0.07138208899768263,0.12867093373897145,0.29181376408876136,0.3374139074196219,0.325194512819528,0.11715986462706546,0.5312130912730082,0.19935386891597645,0.27149109225037543,0.11278842247187032,0.5386449840494253,0.2001980819002902,0.4668177939686738,0.11076848439906138,0.5213227513227513,0.21919793298760984
89,distilroberta,6,mod_word_mean,0.3568982390382616,0.053347951016562305,,,0.27790702794243316,0.11626069800694881,0.4086608518322942,0.2042213048954321,0.05597050414306451,0.07389522390137375,0.23057952746360838,0.24288264783054478,0.2941153569692692,0.09817108852951066,0.4677353311467693,0.1617667254884936,0.21671569454000564,0.09459270075114061,0.4695411339557277,0.16452071669431026,0.39207137459218705,0.11083329513291279,0.5492063492063491,0.18810874418502682
90,xlnet-base-cased,1,compound_mean,0.4938041593439692,0.013066831282267561,,,0.3560191033771349,0.11476524321258225,0.5059708662348475,0.20569510172529812,0.04143097530797304,0.10450390069331263,0.2744556124951645,0.2658507744028414,0.3917287224742901,0.1111817127879832,0.5371339660162314,0.15184733437546957,0.2835772619278137,0.1034425154888577,0.5176825125566614,0.1481044595849116,0.669924753256835,0.06261212639908262,0.6624338624338625,0.14270028621598135
91,xlnet-base-cased,1,head_noun_mean,0.3659634010741332,0.026645209873263968,,,0.3580536932262777,0.09963277120523115,0.4069970828906732,0.2000879122209321,0.012004548523732039,0.13393858109565604,0.21557963498416222,0.3393630042979015,0.3647048849109952,0.1226853220020037,0.44058321315743054,0.18317445490164977,0.32314242562941925,0.11485223480337813,0.41751229277594865,0.18940642874793814,0.47330060224529097,0.10619323156446811,0.4071428571428571,0.21264598974918894
92,xlnet-base-cased,1,mod_word_mean,0.371683931601954,0.037705569242557295,,,0.2617949132451695,0.11691742603614245,0.3439103559165995,0.20711472525708205,0.06695915427167455,0.0717204233628705,0.20063078734153464,0.2315198962253483,0.308458483691336,0.09285640884444839,0.3888305335049873,0.16440861344801316,0.2229925113877686,0.08182055548384394,0.3749408838668288,0.158517737146582,0.377197720181943,0.09986628287502945,0.4697354497354496,0.16976853178777138
93,xlnet-base-cased,2,compound_mean,0.4895799741608363,0.013834546788682152,,,0.3929434257211922,0.10402532003399607,0.5356720831334594,0.17908169526697365,0.048268895488205184,0.10524026532558757,0.2980536401518284,0.2831212633045761,0.44497017750155177,0.11025434730020653,0.5948153042416356,0.14364145421780827,0.34092785650283625,0.11009441657610672,0.575967499012183,0.16162524093152625,0.6963600537513271,0.045116718953611266,0.6555555555555556,0.16720899418579582
94,xlnet-base-cased,2,head_noun_mean,0.35779599170785753,0.030122622099124398,,,0.3441518997560627,0.10230425909395904,0.43484224048881076,0.2152181945793658,0.061783330055338405,0.1326953634135136,0.23464726681080778,0.3083650152735952,0.39146444855540274,0.11442912335752534,0.4656096937429119,0.19187951601811978,0.34317563285120617,0.10734331568773949,0.4639739274899328,0.21532467543483505,0.46100287870560286,0.10256448805849347,0.4554497354497354,0.21517274114068527
95,xlnet-base-cased,2,mod_word_mean,0.3633093580642514,0.03569800553233863,,,0.2976995736761976,0.11011668229924827,0.3978104741622979,0.2085073271314786,0.05450195910396129,0.06299116468168617,0.23338372326840223,0.22085456508879306,0.3257635604569408,0.09321131311880432,0.4531573627783675,0.16169284031212833,0.24711821819377705,0.07901006988011845,0.4505066459517532,0.16061023282278353,0.39561020079350545,0.08972185916439562,0.5446560846560846,0.16737151703248015
96,xlnet-base-cased,3,compound_mean,0.4839152291706912,0.016662737169191828,,,0.4154333317555466,0.09853316466012262,0.5320116934204221,0.1769569981427176,0.03565662796070982,0.10971287299817942,0.2817048954691088,0.2773830353584026,0.455483732154584,0.10297961385020073,0.6069803986895114,0.1440007087270036,0.3588626851944527,0.10731906727951511,0.5926037247502042,0.1537478795259788,0.7010786026337227,0.041991841670907824,0.6732804232804234,0.1704748028543199
97,xlnet-base-cased,3,head_noun_mean,0.3594779858902005,0.03146687393853377,,,0.3524974689665046,0.10177988504455987,0.4630863999209451,0.1942101385671606,0.06683746534841027,0.1345537281159748,0.26280737540390775,0.3198315214094862,0.3985093171247266,0.11139318497123231,0.5127501730808127,0.1846812632771744,0.3509715158558516,0.10159209464017671,0.5045971094949806,0.1810498249481155,0.47467958183696923,0.09830401863123495,0.48873015873015874,0.21677792364164403
98,xlnet-base-cased,3,mod_word_mean,0.3605907636653819,0.03512968761439962,,,0.3172397592073599,0.10912462352217424,0.38675014925961293,0.20008170273613457,0.044340915359889606,0.06416380945200804,0.2237302819710495,0.2135292826346659,0.33942520044802776,0.09541118566171784,0.46364167318007554,0.17172827347805844,0.26485074941217407,0.07697310798872178,0.470930544862847,0.1758233190956035,0.40241678594581864,0.09374703955335519,0.5565079365079364,0.16172757188614578
99,xlnet-base-cased,4,compound_mean,0.4625770193704201,0.024238659086714166,,,0.42057987161459887,0.10084850311563447,0.5425319277789338,0.18023347967910283,0.06987131730400659,0.11089847192485033,0.3109094694900751,0.2818163822891066,0.47644508664822677,0.10128079225617437,0.6142603540512483,0.16002294665800434,0.38420772847093954,0.10434675916754513,0.6068001006675876,0.15958124764529658,0.6613910823099918,0.04554988075606475,0.659153439153439,0.17532890702214546
100,xlnet-base-cased,4,head_noun_mean,0.35576891323069376,0.029335848308249722,,,0.3373054757263778,0.10735452047906041,0.46766507679610786,0.19701865725183385,0.08195523120165492,0.13495159906073778,0.2860632393826233,0.3177092312383589,0.3952985180651929,0.11875801783016282,0.5203007623035842,0.1884081340693027,0.3469294550468531,0.10501458401004253,0.5241172627013944,0.1895755257462094,0.45788857084269996,0.09889717495161851,0.49317460317460315,0.21150802088605283
101,xlnet-base-cased,4,mod_word_mean,0.35631652422723975,0.03857613176436898,,,0.3059002045881928,0.10903576819259107,0.40356070467622723,0.19945960575991556,0.08372997844089519,0.06450184905020627,0.23366465634384412,0.20537608609642666,0.3529367133787301,0.09697406827461712,0.4807943828843095,0.15198609707775299,0.27560341416757533,0.08081643992823857,0.49003266119623157,0.17538552116059508,0.3936826826700808,0.09548395491575737,0.5670899470899472,0.17353397177671062
102,xlnet-base-cased,5,compound_mean,0.40809915462796975,0.04014497085278392,,,0.46222609768349365,0.08273498239098369,0.5438388382222132,0.1945988117785987,0.0773642817954339,0.10323042582218829,0.31024960572385324,0.29080867028429486,0.5101844676652126,0.08694312750863703,0.6196732676059215,0.16650255594131824,0.43437566924416376,0.0887500749780381,0.6103859539498698,0.17343194652515184,0.6057695604481839,0.06842477634418109,0.647989417989418,0.17726976894173363
103,xlnet-base-cased,5,head_noun_mean,0.35472745439956127,0.034056766612277974,,,0.3674956112902457,0.10215884484680329,0.5013547446184767,0.1919804607765574,0.08879075266535993,0.12490849479556877,0.3079747845105171,0.3195569085749604,0.42780649358043005,0.10912007584931883,0.5502673424288597,0.18180210729100166,0.38239477363270175,0.0987727438386458,0.5458303605289545,0.19555727893995936,0.47487889044103115,0.09790885487779348,0.5072486772486772,0.21339229128823634
104,xlnet-base-cased,5,mod_word_mean,0.33421288268455634,0.047279612046546,,,0.3712552033052601,0.09833191694443803,0.4317707345387087,0.19020106073179902,0.08544779974139051,0.06373981818864564,0.2573805685675506,0.21419893506486493,0.41548727692682336,0.09188561116081921,0.5200800266077122,0.16930949661670713,0.34937011954350816,0.08157973226636203,0.5184259855063957,0.17412873579708069,0.41249879585322363,0.09043355862590619,0.5794708994708996,0.17517891289054724
105,xlnet-base-cased,6,compound_mean,0.3618413745754505,0.05231338874596584,,,0.4760170664653793,0.07659325606833606,0.5369780783973314,0.18498305924841882,0.09459519076355331,0.10389491201054069,0.3121791007448999,0.29690695407091927,0.5236683577349556,0.08365490152796011,0.6080982856753578,0.15814043377339043,0.46229708346734305,0.08200104609663358,0.596146864781394,0.1675056451004475,0.543006629756331,0.08338316764896377,0.6205820105820106,0.186861191220383
106,xlnet-base-cased,6,head_noun_mean,0.318045138156531,0.040835572569016376,,,0.39708444797595516,0.09955608090292785,0.5081863547454457,0.2049524137428621,0.09897993706792284,0.11757473369951811,0.28885894687386887,0.33192561726144976,0.4680864207807235,0.09549207064579363,0.5717956911678106,0.17833083540874262,0.4318320303200229,0.08937495851143355,0.5668660925290191,0.1841130721553681,0.45333768438342514,0.0898886266700412,0.5361375661375661,0.2148091523219595
107,xlnet-base-cased,6,mod_word_mean,0.2922505716993669,0.05117944182241612,,,0.3777089424290236,0.09709726692754599,0.45882614936238525,0.18293549054187033,0.11598149569305408,0.06712092086992,0.27206932797497657,0.22519854108566859,0.43746783313408505,0.09502430635315207,0.5559525656916247,0.16149672422526906,0.38144781154948687,0.08456007676504214,0.5522708891520787,0.1723614380540557,0.3787335390941501,0.09018041425942099,0.6157671957671959,0.1631366833285508
108,xlnet-base-cased,7,compound_mean,0.3126310585893714,0.06904817571635821,,,0.48072496985917823,0.0757961375769072,0.5257728455263415,0.17877973587956772,0.10690491456632904,0.10457811387157931,0.30851072687827963,0.29649567006955074,0.5222293749417711,0.08545815915688126,0.5918602965530037,0.15879693389571645,0.4814773243915681,0.08135262891964426,0.5886827108035554,0.16575576849492038,0.4913571780120865,0.09673647696154734,0.5902116402116403,0.18659294846659533
109,xlnet-base-cased,7,head_noun_mean,0.2855779220658427,0.05099571984011157,,,0.40396629040135196,0.0959443082646374,0.5072455604844845,0.19284115646620714,0.1199131167039618,0.11155767391595679,0.29085253474695244,0.3186970681957843,0.48145272744865936,0.09219395853216727,0.5665166170020742,0.17943804640260994,0.45515090392896035,0.08958566225287243,0.5654465005429308,0.1851545238484425,0.4274621268380425,0.09200048011545284,0.5198412698412699,0.20943209873572768
110,xlnet-base-cased,7,mod_word_mean,0.2532715762087959,0.054404740444501484,,,0.3970398019571743,0.0916189908007252,0.49349353472730306,0.19332720397971417,0.11865521346718395,0.06795050577431686,0.2803074111899923,0.22972387661904534,0.4563352829286394,0.09156874754741744,0.5854984796886952,0.1693721336018834,0.4180173613726288,0.079601053386367,0.5891323451954383,0.19387682584742527,0.36021586015247514,0.08021108033464053,0.6307407407407408,0.1823076433327969
111,xlnet-base-cased,8,compound_mean,0.2893998811788103,0.07329288353828683,,,0.4601334169143409,0.07862744396048882,0.5218984851989291,0.1760503684356568,0.11479736904429136,0.10727939118800982,0.29120189017721015,0.2797940602142945,0.5055843336200808,0.0849532966176635,0.5828651337341699,0.1516637995380972,0.4699685086619669,0.08170658152814869,0.5848709598208294,0.15414570757470183,0.4629713396088272,0.10027345072677431,0.5695238095238097,0.19649673874635284
112,xlnet-base-cased,8,head_noun_mean,0.249083557360045,0.0548849788425045,,,0.38829021343629155,0.09469356102806153,0.5168345631556533,0.18578545909639577,0.11959402397787437,0.10859860529437969,0.2993817270601436,0.30274447438229424,0.4751482031146509,0.09629336055832681,0.5711090530901686,0.15810285420067313,0.45649534253009055,0.08966393705656955,0.569053679928017,0.1630458857498734,0.39154396504354205,0.08714038990870449,0.5221164021164021,0.20129376342627076
113,xlnet-base-cased,8,mod_word_mean,0.21719774414090928,0.06147264235159233,,,0.37884599664072527,0.09564230973424176,0.4877455775938693,0.18954342552178138,0.13739184153304937,0.07353508981266146,0.27726510091939544,0.2347018715559227,0.44214051786448993,0.09601976333496251,0.5765315671295724,0.17170275809712465,0.4155637755715247,0.08651942686382455,0.5888526006492371,0.1940680867593478,0.3230039728021098,0.08228748573572013,0.6034920634920636,0.1825159404849783
114,xlnet-base-cased,9,compound_mean,0.2536803103163317,0.08180870307362144,,,0.4710736193260303,0.07944296761248247,0.4987641862908222,0.17545191666971835,0.1085379006093274,0.10533789839845827,0.2764132173266781,0.3040938155219363,0.5077160139190602,0.08235472891854066,0.5529715277845668,0.16362206333606402,0.48684543707223676,0.07913762353648998,0.5630893971517271,0.1607313911516398,0.42645139773058255,0.10411941216472667,0.5473544973544974,0.20541448176661725
115,xlnet-base-cased,9,head_noun_mean,0.22200473299700477,0.060011164699335505,,,0.39465391501375807,0.08745052477624744,0.5025111926445661,0.18574237465803034,0.12032733010006715,0.10757147911516585,0.28761439672898026,0.3226001693312862,0.4765026276082323,0.08430436175127515,0.5500327529980436,0.16366323008024597,0.4698722066419113,0.08104720812102302,0.546419935156098,0.1593675789008618,0.36518056214940564,0.08457554104520945,0.5065608465608464,0.20292673924063878
116,xlnet-base-cased,9,mod_word_mean,0.2078729000422196,0.0649496671203735,,,0.38280346791679365,0.09449001020049472,0.496039839202186,0.1970437610790951,0.1480029567809958,0.0785233789385295,0.2676566806948193,0.24857749733947052,0.45372330491897667,0.0922420480301829,0.5743052038931715,0.16750152919534642,0.42720650308301117,0.08841935677150238,0.5768010836616231,0.17873752248805308,0.3132494829945576,0.08476893500764335,0.576031746031746,0.19303260248440696
117,xlnet-base-cased,10,compound_mean,0.27615736679237507,0.07870027352183992,,,0.4554746354072415,0.08088547182821197,0.4899135449865683,0.1747349914042875,0.12477253926755817,0.10817022704607825,0.2684147639380819,0.2970895149477692,0.5041638466259342,0.08131422363015757,0.5524568237748968,0.1766102460944414,0.47184300230361576,0.08373397939124032,0.5502610775336991,0.16989931453753962,0.4410904279808509,0.09729100337199932,0.5524867724867726,0.20036580862520922
118,xlnet-base-cased,10,head_noun_mean,0.24309284374680484,0.05974257494552701,,,0.39151723963167967,0.08922522882905777,0.4743077323086527,0.18318848292577483,0.12405043482056395,0.11313003726221828,0.26806343126339743,0.3234335930281874,0.47453820379094225,0.0888918712527109,0.5285980170281582,0.17808429085143992,0.4621213458636132,0.08992252199803404,0.5223596753693646,0.17654732627115882,0.38285638713841996,0.08943309716611492,0.48730158730158735,0.2030410440646716
119,xlnet-base-cased,10,mod_word_mean,0.23986214217259505,0.06007874794937286,,,0.3562009769233805,0.09865784310183325,0.46997477636455165,0.18304014112093342,0.16961380513035074,0.08504640402317207,0.26532744505065176,0.25052475237494964,0.4422126911136298,0.0963124608742333,0.5538915428640584,0.16487000691016065,0.3988052715352575,0.09356492049960635,0.5570901592616969,0.1816658095896129,0.3326896739597856,0.08477518067740447,0.5894708994708996,0.18699328196582335
120,xlnet-base-cased,11,compound_mean,0.31807926653957874,0.06464998297639128,,,0.4397193415123901,0.08481634460966828,0.49891066607871737,0.17643959788071872,0.11116250463259808,0.1144050619016547,0.28280209390031796,0.27948863158067255,0.4977056715313936,0.09434311051725053,0.5665226739782627,0.17442609621161587,0.44645125042843603,0.08991742461483854,0.5614923979880435,0.179840683213151,0.4854923171719531,0.09732120298255004,0.5739682539682539,0.19763513247049394
121,xlnet-base-cased,11,head_noun_mean,0.2799240690293915,0.05110444202683899,,,0.36798255105916955,0.09801021349306321,0.4834184515808364,0.1921685243885989,0.12356687013477576,0.12315223900841507,0.27223924661155174,0.32576821715656373,0.45862277529926765,0.10158645098410933,0.5397290972940352,0.18383123049577968,0.42952839779663016,0.09575133493458289,0.5352185063328153,0.18987895037159508,0.4060466498261599,0.08688719235303037,0.5087830687830688,0.21562689569686846
122,xlnet-base-cased,11,mod_word_mean,0.28169284666550726,0.056139547178670396,,,0.3560935071864966,0.10101278891527478,0.4670452584547461,0.17296585767658745,0.1543748310449717,0.08546322604464582,0.27669058870932334,0.2289657953543801,0.44678551524012533,0.10126488487968074,0.559373007313644,0.16541150363359886,0.386289814468219,0.09917515427609422,0.5566011262713342,0.1859562804839467,0.37510308265533737,0.0939831273136087,0.6146031746031746,0.17858584303962383
123,xlnet-base-cased,12,compound_mean,0.3365544537603988,0.05497954812456588,,,0.40048415620792166,0.09506427788432495,0.47800342628354164,0.16656206826607195,0.11269656586866943,0.11380234666432759,0.2730265563311884,0.2674128024029579,0.46678839022880914,0.09517295489440349,0.5499252290983595,0.1494023212415941,0.40941747487780833,0.08923947578960173,0.5354883306704199,0.1530406430162898,0.49671880250642203,0.09132796254128119,0.5887830687830689,0.16916144084425128
124,xlnet-base-cased,12,head_noun_mean,0.3083468866086363,0.05022441064659475,,,0.36099333659891475,0.11384820712674652,0.4839499334634859,0.20054347371097214,0.11822495221063563,0.12630975351675147,0.27215967126460117,0.3083500269979184,0.44343202961525885,0.11460639501249792,0.5412179286302111,0.17726001881646708,0.40691883359168507,0.10415123812461544,0.5308392508141134,0.17542552002251594,0.4323802228727659,0.10772639611427362,0.5243386243386243,0.20609114238829734
125,xlnet-base-cased,12,mod_word_mean,0.3013908452063759,0.05239816996718381,,,0.32109671960378655,0.10856462247856423,0.45444008556291465,0.17959158403846068,0.17476937739542675,0.09549334261667121,0.26515838611730086,0.22115244839742373,0.4204340191854106,0.09672618528360803,0.5375696807235111,0.15508305167548866,0.35222234055752966,0.09569629531064026,0.5465435532189453,0.17858340833535433,0.38860889559858175,0.09557665175691057,0.6086243386243387,0.16560264201941874
126,xlm-mlm-xnli15-1024,1,compound_mean,0.4766241211525684,0.03133798559656439,,,0.35899593385894213,0.10562164003897001,0.49333180888962286,0.18772121322686003,0.016492001784585878,0.10870982181989965,0.23347824071246606,0.27560553430813917,0.3670684799980347,0.09912267784089235,0.526712449913871,0.16895610802054617,0.2664355085253582,0.10693406232791314,0.5164850955380695,0.17851157357287703,0.6398213460903428,0.0648881464387732,0.5877248677248677,0.13705987429981503
127,xlm-mlm-xnli15-1024,1,head_noun_mean,0.3474086577599042,0.03121344615664753,,,0.3237114366702514,0.08866422585736276,0.39089035485848966,0.18633761666004947,-0.007178416704255255,0.13701202107708396,0.1634038902913058,0.39513199515841696,0.3151543465867074,0.1195793142452062,0.42637437203261963,0.1715896302432016,0.27046220987259073,0.11752590261668495,0.41065180637107485,0.18801542273992927,0.45599958604649565,0.10211123413928873,0.374973544973545,0.1783937662163813
128,xlm-mlm-xnli15-1024,1,mod_word_mean,0.3486443108356652,0.04589753105698366,,,0.26596476645836914,0.10458511606428454,0.2502437480456212,0.16075241925501252,0.00819553126214056,0.06738330208692901,0.12916187140346344,0.19103994384372974,0.2698601909400897,0.09516229658102127,0.3017108192156563,0.15277559031117371,0.18869065966880233,0.08715616386987805,0.2946687698444873,0.1697196624046634,0.39620916452455607,0.09932204701371361,0.37989417989417984,0.17849314372590575
129,xlm-mlm-xnli15-1024,2,compound_mean,0.4708829425911391,0.03321634027838895,,,0.3779519182098772,0.10622665499551252,0.5130674944215118,0.2156807739613221,0.047397484970065476,0.11770625324930199,0.27807102203938044,0.3155089196617146,0.40915471334561015,0.09760271704320955,0.5833103589968053,0.15622434026524745,0.3080182738383362,0.10314607626224279,0.567277231993747,0.1552371413397351,0.6366205811211022,0.06055286811100849,0.6278306878306879,0.14830569853825185
130,xlm-mlm-xnli15-1024,2,head_noun_mean,0.3572146121584131,0.033195409055333046,,,0.31665659212809405,0.0963665175997556,0.3947742824509202,0.19789916551304398,0.015065136292894148,0.13745790818467984,0.19065276639263382,0.3691209391180387,0.33595906540031845,0.11184586478455259,0.43725508907029376,0.16783195599539777,0.28581123157187477,0.11066030361964381,0.4183481741310653,0.17815738603310666,0.4615709524918144,0.10315623615448247,0.38423280423280415,0.1904814520143377
131,xlm-mlm-xnli15-1024,2,mod_word_mean,0.33991277160980926,0.042587726089085946,,,0.30599917035976687,0.09937571455744687,0.3179067398393713,0.20478424590779082,0.03335792719994985,0.07399403543265695,0.18067096326497145,0.2151982631128986,0.319340280653404,0.09399414591888354,0.3812149488496548,0.15913036407521558,0.24331388755614722,0.08312824102063976,0.3692220863493443,0.1758172169925019,0.38895116987462686,0.0928881036649028,0.46063492063492045,0.1772532890500087
132,xlm-mlm-xnli15-1024,3,compound_mean,0.4609201347424392,0.03598395925469114,,,0.3735380324457475,0.1063535240179525,0.5281671731852244,0.21974082203861886,0.05722118056010879,0.1136657132077567,0.29764396690893563,0.2982758978991371,0.4186009853719222,0.10096313475963299,0.5945831342331218,0.15192931057008774,0.3174280043475306,0.10975007744083728,0.5753299224203984,0.15598141560814652,0.6278764031503773,0.06361398589400818,0.6130158730158731,0.15822745793778095
133,xlm-mlm-xnli15-1024,3,head_noun_mean,0.36387347067633463,0.0360510607990125,,,0.32953889841067224,0.0932508906357798,0.4352895097667195,0.19296434504262946,0.025356619542197138,0.13522366344407272,0.2185180482071797,0.35790607944074965,0.352049743533933,0.10951285766582412,0.4761306893078644,0.16357486729099122,0.29699182643678124,0.10744680081470946,0.4598446048406363,0.18212349114457277,0.4782215592747587,0.09718583081214821,0.4197883597883597,0.1828677674260056
134,xlm-mlm-xnli15-1024,3,mod_word_mean,0.35222686530941494,0.04707915590506358,,,0.2989077350376901,0.10613126327001762,0.32127610738774476,0.21598046284390476,0.04091463289143381,0.07555984623625615,0.19694062417206615,0.20734617356206525,0.3205408334835162,0.10314470393370129,0.3948621509905726,0.15802525258969288,0.23857461437871835,0.09443005380820109,0.38887911011602017,0.15991514823137662,0.40327325218303706,0.08802778213240868,0.4601058201058201,0.17131082245204715
135,xlm-mlm-xnli15-1024,4,compound_mean,0.4370350948270737,0.03784147840153409,,,0.3763825297153762,0.10643850236684876,0.5130241044155752,0.21768091148766996,0.06746347064656705,0.11468801681044932,0.31120596020846414,0.2807243733833157,0.42016964490271247,0.10109122144405687,0.5796471197730623,0.15158138086121226,0.32308682035753483,0.10958564533369987,0.5580612145827992,0.15157455442244971,0.5909930969995939,0.07090730560863778,0.6033862433862434,0.16632200862788976
136,xlm-mlm-xnli15-1024,4,head_noun_mean,0.3650299383929307,0.03528112818437538,,,0.33379747634216334,0.10213965788800983,0.4656898257189747,0.1842879309515011,0.03422531468301136,0.1353004679917615,0.24220121974602,0.37035317977450827,0.3575337533367485,0.10826000522588464,0.5096404009778487,0.14517122353885534,0.2989925248499639,0.10511399220810577,0.4863554229064154,0.17203288405303097,0.47783316717931,0.09386856986990774,0.4479365079365079,0.18323603089106918
137,xlm-mlm-xnli15-1024,4,mod_word_mean,0.3477389977925761,0.051776978549237185,,,0.30086805787519827,0.10259388487163733,0.342454116410234,0.1989363245974778,0.04058855980037602,0.08000603615213105,0.20533346081115889,0.2040134337743618,0.3257002582240471,0.10590633714185069,0.4199350128745786,0.16294670546052112,0.2450463603005253,0.10280544805688062,0.4033079473632,0.15314184907314654,0.40403144285503845,0.08626380527256734,0.4860317460317459,0.18129337591271177
138,xlm-mlm-xnli15-1024,5,compound_mean,0.3897612822015601,0.04920067116773145,,,0.3680588510291292,0.11152936161960503,0.5061440532610827,0.24085919197083713,0.07091773985752173,0.1187617796887544,0.3233104298541585,0.27787905245967387,0.41071741449004145,0.10533797082718332,0.5758253663238369,0.17512493670877183,0.32387323361019255,0.11980697523260252,0.549537585195123,0.1697915621460376,0.5222971061552487,0.09050107594035833,0.5583068783068783,0.1708293138221931
139,xlm-mlm-xnli15-1024,5,head_noun_mean,0.369039076764814,0.0376367446205334,,,0.33916629043062435,0.10599548094858453,0.4877521570226531,0.17751544757442714,0.03913599948361673,0.14065972050506456,0.2839448886669605,0.3545808243251941,0.36271308979193206,0.11339732359262872,0.5313454002628791,0.15085557781262415,0.301057868530537,0.11206771878138762,0.5050726904271305,0.16356771963650774,0.4782282502159058,0.0957005065446248,0.4620105820105819,0.18529049160045913
140,xlm-mlm-xnli15-1024,5,mod_word_mean,0.35289071039986275,0.054806021180876414,,,0.3081304384393386,0.10307830207979692,0.3711922984756078,0.23454352026259043,0.048260541856467554,0.08988056556189081,0.21142213730646942,0.2121177047634607,0.3431722650396411,0.11063096286526125,0.43212216802121195,0.17695939207133374,0.2564695145010475,0.10959079783404248,0.4229895555926937,0.19350812937474302,0.41913818999995944,0.08927294002216257,0.48925925925925917,0.19088236382012425
141,xlm-mlm-xnli15-1024,6,compound_mean,0.33645419937272625,0.06289421686916255,,,0.36306968488050206,0.10631276039242456,0.47408735605422986,0.23791561651422558,0.08025988398365617,0.1223023911772227,0.3190440754546302,0.27437953565154716,0.4008426564049324,0.10229721418337513,0.5556096026863285,0.19706922756465825,0.3276687019345188,0.11517098704069495,0.5261635065380479,0.191357749116443,0.45137809903024295,0.09595756415218602,0.5262433862433862,0.1746900857928063
142,xlm-mlm-xnli15-1024,6,head_noun_mean,0.34766356377090196,0.04551119987546137,,,0.3578625878576471,0.10929644066645064,0.4912121268877437,0.1918854268351491,0.03539663874840516,0.13814176887005106,0.2945991835043175,0.3497977064512351,0.38310714499101306,0.10809670677896234,0.5567267648765586,0.17075798405235687,0.3273939389053096,0.10816518096752073,0.5308512454208698,0.1739760126251509,0.4616849570317005,0.09219853376745722,0.4849735449735449,0.1887651247789205
143,xlm-mlm-xnli15-1024,6,mod_word_mean,0.32328884238481415,0.06097183956370016,,,0.3239540105785213,0.09825500611198586,0.39401361659931394,0.22448616248833572,0.05801295855293671,0.09303600369374534,0.24231732180663096,0.22393381971702409,0.3567918492412868,0.11233232084722598,0.4635264387603735,0.1974591814235662,0.27992150759778345,0.11303831473875936,0.4471810629624017,0.2010368185895194,0.39467671883360606,0.08979516183966085,0.509100529100529,0.19295909658775942
144,xlm-mlm-xnli15-1024,7,compound_mean,0.2944854948596418,0.07040711891402843,,,0.36488306635263973,0.1030333730211196,0.4851827109771534,0.23225947287799528,0.08186266521794215,0.11898592898841466,0.3175462884615104,0.269709364888044,0.3970737785882388,0.10177825929020498,0.5689594104443877,0.186358437327772,0.3333619583465215,0.11337155559162253,0.5425837294939088,0.18480621886250753,0.4140324206018983,0.10407471757366793,0.5315343915343915,0.19770104473122915
145,xlm-mlm-xnli15-1024,7,head_noun_mean,0.31669571605371066,0.05895791967120553,,,0.37478134985880124,0.10900526984753914,0.47781478793522436,0.2203854107598651,0.04225855910340887,0.13117459208347695,0.31886834238082234,0.3283102034174629,0.40015975525092046,0.10250208077444188,0.5486193459964449,0.1910147706254893,0.3469858298476547,0.100406859631587,0.5244074263703727,0.18459428736156167,0.44337465274308946,0.09559396170650133,0.4834920634920634,0.1901189772158646
146,xlm-mlm-xnli15-1024,7,mod_word_mean,0.273932523766215,0.06888212026021827,,,0.3431591943148478,0.09611489030935251,0.4234231326363473,0.23500970129406973,0.0653405165610382,0.09773162049677259,0.25873577058075076,0.22729586116964764,0.3723265084648928,0.10951510118565741,0.5038818493153752,0.1966258364591778,0.31045309247597147,0.11688196403052797,0.48465911882856866,0.20285717543986412,0.36266775586843314,0.08941534539235506,0.5298412698412698,0.20912716986427904
147,xlm-mlm-xnli15-1024,8,compound_mean,0.26816214036268676,0.07606421159641635,,,0.3584023717939719,0.10882806226439685,0.4614671541397207,0.22476011122729053,0.09037829931117325,0.11984283560993046,0.3216408483905967,0.24825755386732015,0.3884742860345994,0.10809496019407523,0.5285704125830019,0.20499944575930146,0.33277919376545473,0.11400535584386455,0.5026481367373054,0.18529271057824104,0.38433018575105066,0.11511981551551707,0.5062433862433863,0.1976136007125646
148,xlm-mlm-xnli15-1024,8,head_noun_mean,0.28271400532001095,0.0710992680055878,,,0.3834000432088794,0.10530040420676565,0.4590955245480254,0.22555210560935526,0.051294846819502596,0.12474517598721492,0.3196629433375267,0.3069207401710228,0.4070635894535906,0.10302930808249414,0.5277258000806034,0.18570182605682348,0.36059308770479165,0.10430156986612514,0.4956022083250776,0.18585468096805768,0.41354178358594,0.10503293591104462,0.4842328042328042,0.19543240355944078
149,xlm-mlm-xnli15-1024,8,mod_word_mean,0.25683918145601964,0.0748073938356563,,,0.33793285125975125,0.09873092416965114,0.444236844451763,0.22424484515020543,0.08476182041097075,0.10685052242016618,0.2729472340746266,0.22590914896742842,0.3715391187149228,0.11135348939508626,0.49661021963025964,0.19899219457997863,0.31556585655849567,0.1151788536429934,0.4839669241468086,0.18268110912003524,0.3488214944495282,0.09829221340783473,0.5068253968253967,0.20033383157847778
150,xlm-mlm-xnli15-1024,9,compound_mean,0.24848168595354725,0.08100907963940197,,,0.33433982153717284,0.11377846968731381,0.4407103615435984,0.2254872525837704,0.07984705576300472,0.11877538722587783,0.3082862886440539,0.25162809336406894,0.3660701769533661,0.10925809480422333,0.49213270494910627,0.19448182879438,0.31255122325607093,0.1116659892690113,0.477127089051374,0.17668144394548738,0.3492755197728534,0.1160086701822881,0.4729100529100529,0.208586943981445
151,xlm-mlm-xnli15-1024,9,head_noun_mean,0.2614809357854606,0.07555776144641263,,,0.3408800330067297,0.10979124232085669,0.4576802074651674,0.21488427729614243,0.057579333542805616,0.13067036159806247,0.33518327497465356,0.2807565408972808,0.36999894483733364,0.10197424471022934,0.5188491124699204,0.17386457158325697,0.32029696409914477,0.10384246899603165,0.48645253621258167,0.17221081384637385,0.3656611840550816,0.11194093108388113,0.4746031746031746,0.18131635167175597
152,xlm-mlm-xnli15-1024,9,mod_word_mean,0.2344392581684773,0.08022080412364749,,,0.3161869579766026,0.11523869259718854,0.413205277806627,0.25837559079292566,0.06647726473635149,0.1149826610023581,0.2366323234427539,0.24348204782865215,0.3480476778458406,0.12150774922036747,0.42632758389366593,0.2252483922525398,0.2970521145898113,0.12092527209727065,0.4344760558065602,0.21725043260445293,0.3267329133008465,0.10483444577007348,0.4544444444444444,0.21289403071189472
153,xlm-mlm-xnli15-1024,10,compound_mean,0.20298956487601685,0.0878156568696166,,,0.24851703989859802,0.12527083498484723,0.32635678093899106,0.25884022870468243,0.06221894374345257,0.11227924686194196,0.21406925649663178,0.2742269171766679,0.2794351297016771,0.11760146328901239,0.3490154110922948,0.23191023254408802,0.24059973871497098,0.12463153908239641,0.3460606614431771,0.23139140810074327,0.2588763402199365,0.12297067603138759,0.31560846560846556,0.22897912762763514
154,xlm-mlm-xnli15-1024,10,head_noun_mean,0.20604319989558248,0.08526179879950166,,,0.2509943426262939,0.13040130466874705,0.33905032575753835,0.25986389624783757,0.04971864343562609,0.12672423653954576,0.24198082012181904,0.2896989908771793,0.2778120061687291,0.12125668220626636,0.3676958316763301,0.2153848060091051,0.24052113101634084,0.12971219172646253,0.3489373749652755,0.22627074651889736,0.261063369461276,0.12153019711608136,0.3371957671957672,0.2362866701669526
155,xlm-mlm-xnli15-1024,10,mod_word_mean,0.2007088864216683,0.08611477765911225,,,0.23798546990194186,0.12865795647020217,0.32423164306138563,0.26312814114128197,0.05305788057852603,0.10884335151373445,0.2049645263390599,0.2673670024856667,0.2719578051980071,0.12136446150827813,0.3438888433642139,0.22982287093585974,0.2369499924243171,0.12813798945107605,0.3483781538766587,0.22236806136575593,0.25697651000058297,0.11322329782963444,0.33566137566137555,0.20841768847346115
156,xlm-mlm-xnli15-1024,11,compound_mean,0.176420278565703,0.08402434419249451,,,0.19729646484702512,0.12433688839304112,0.2589430941111978,0.27619822180627446,0.05360349678310909,0.10684273014009778,0.17792678826690592,0.28185090328040857,0.22698493203759598,0.1189907440805669,0.2791567985971286,0.2767620014384242,0.19668617529237417,0.12661141051923977,0.2736491277650266,0.2738141498796424,0.2114534136754843,0.12362395924410376,0.2347619047619047,0.2599154367588775
157,xlm-mlm-xnli15-1024,11,head_noun_mean,0.1747052255650995,0.08693690164215136,,,0.20076566438923046,0.12747126679586362,0.292584192855981,0.2882741442804913,0.042546082815311935,0.11825896872227562,0.20456091028179157,0.29658235931842136,0.22772173164781498,0.11938460161376611,0.3075958829079083,0.27018655504146694,0.19972414694918436,0.12933075556925883,0.290831061449151,0.2829190541201411,0.20749094995744646,0.12108465516152492,0.2563492063492063,0.25966923097550676
158,xlm-mlm-xnli15-1024,11,mod_word_mean,0.1773828920768339,0.08253522600722421,,,0.1905165153506202,0.1249048557615978,0.2540630809960881,0.2633277208252304,0.05233537408881469,0.09892127101129018,0.18837707273592783,0.24254808320590776,0.22727351556187483,0.11659731650914876,0.2651148477155648,0.25336750130726277,0.19976903248957806,0.12497739328095236,0.2676259134291516,0.23748092724820796,0.2131416856639413,0.11124842746671589,0.2547619047619047,0.23353633684401706
159,xlm-mlm-xnli15-1024,12,compound_mean,0.1685319980089319,0.08089785310820848,,,0.18615387907425562,0.1168986208132987,0.25309739003061155,0.25069925944958465,0.040241589999602874,0.09911512497016424,0.1736274848270615,0.26338532898542744,0.22019726856527846,0.11557381665387818,0.26169797606554424,0.25509762774453876,0.1892826708945042,0.1274099481914547,0.2669647437325572,0.2671980866028378,0.2015318477283482,0.11606192442828508,0.22883597883597875,0.24954029568884376
160,xlm-mlm-xnli15-1024,12,head_noun_mean,0.16240009162575736,0.08198467792048225,,,0.1832708554397727,0.12030440988627747,0.26407381075537717,0.2845719878060833,0.0488263665424208,0.11381632939986681,0.20377777976894415,0.2695701399592443,0.21504853614020603,0.11851685321865059,0.2878848116604217,0.27370989244262706,0.1860875644881716,0.1343640360685664,0.2744191886155892,0.2907034493273943,0.18750969699412398,0.10959872505003558,0.24365079365079362,0.2731823197554932
161,xlm-mlm-xnli15-1024,12,mod_word_mean,0.17103923486580014,0.07901846335046427,,,0.17881193725301203,0.11340078343375051,0.26596045957658226,0.24432738056739983,0.020976903764420404,0.09109723170703192,0.1927582508139825,0.23242753314601539,0.20959559472993777,0.11300013667548367,0.2635504657430661,0.22884108669321676,0.18361037197540533,0.12119269480909182,0.270270911653339,0.23437730846204577,0.2053530387858708,0.10850987093615737,0.2562433862433862,0.23501220270815876
162,bert-base-japanese,1,compound_mean,0.48644622719464803,0.02404135842494703,,,0.38851857457253236,0.10729363675085134,0.5323509102902533,0.17327849382157426,0.03184598114699906,0.11765999787083108,0.277926504616063,0.32419363906245724,0.399065244204209,0.11831754492175835,0.5543210505272378,0.1545824564517529,0.29845419707480214,0.11410230799449632,0.5304303529183063,0.15992906226090445,0.6361819524260771,0.06573616758152505,0.5341269841269841,0.16574917530909844
163,bert-base-japanese,1,head_noun_mean,0.35733916207953775,0.02499514913438987,,,0.3448412731664884,0.09908739415091697,0.43946392678592044,0.19900314401526248,0.009629347726535665,0.13629158461260832,0.22058283604247833,0.378532103160129,0.3593214578625322,0.1346908226103325,0.45660955902715206,0.1924183730581883,0.31630262612126503,0.13364214498678093,0.44072187500711824,0.19988093559614709,0.4724250216771064,0.11248115182391082,0.4265608465608466,0.22794886310611862
164,bert-base-japanese,1,mod_word_mean,0.35380303406235974,0.04593022285551866,,,0.3205943790505738,0.09808441643602774,0.33031127823017614,0.20114845087884461,0.020975754559243814,0.07136429250928582,0.17882982198731298,0.23347915316377166,0.3185648127810105,0.09435563987715076,0.3684114866203089,0.15443526164755383,0.24463096027712788,0.07777335509719964,0.3591894433441913,0.15075286416754005,0.38146655014235353,0.09585184241310102,0.4066137566137566,0.19876437968513685
165,bert-base-japanese,2,compound_mean,0.4862251561345435,0.02253577159095261,,,0.40468310693488935,0.10358186789300985,0.5341909032856517,0.16912990141694703,0.024491616209955477,0.12173650833217435,0.2872332008994869,0.3161718443825447,0.4086912113568915,0.12096365361107772,0.5651942224800491,0.1499018965941133,0.30950730238940627,0.11369536896571293,0.5400321717272777,0.164984823792391,0.6489918789540811,0.06181813390967175,0.5541269841269841,0.16464169188057864
166,bert-base-japanese,2,head_noun_mean,0.36291814841322195,0.027164763803916348,,,0.3547444975286522,0.09701608144362385,0.44684202027154163,0.20833727488346515,0.004478346418651854,0.13861865204305607,0.22803130594633397,0.3823633699455288,0.36265583479037933,0.13737631049664673,0.46034651082173517,0.19499116036815273,0.3183159230369738,0.1353033794920951,0.4458313657841217,0.2059178315469018,0.4835918387184778,0.11780763041064193,0.42285714285714276,0.23050242537291588
167,bert-base-japanese,2,mod_word_mean,0.35988405447422556,0.04930150775823137,,,0.3372905205494828,0.09993545464819033,0.34037005823224736,0.1942981163489644,0.014598019822808459,0.07415965261795722,0.1725445641050515,0.2306092288669057,0.325826105625886,0.09042821359277196,0.3832833353829656,0.1402912739524683,0.2519607653145471,0.07890804923237697,0.3802756709299964,0.13069209236237786,0.3967030538387884,0.09967072787831766,0.42497354497354495,0.2120082514201982
168,bert-base-japanese,3,compound_mean,0.48605318106492523,0.022688490289508523,,,0.4019233136199694,0.10627439070395779,0.5350669488932212,0.1817465388375028,0.028332023249366154,0.1192092820908744,0.29398516379357115,0.31168049392427194,0.4097628530584363,0.1233023390130756,0.5564283512509595,0.16420935074683304,0.3086206893433531,0.11614341306812707,0.5393375226182949,0.16372582668436508,0.653334317175371,0.06243770708783152,0.5570899470899472,0.16976014644380968
169,bert-base-japanese,3,head_noun_mean,0.36793394107334676,0.0290307315708821,,,0.3561193116911951,0.09570409841726654,0.44968245139162105,0.21263567433560657,0.002337097385156241,0.1369379221351669,0.24070493009615707,0.3844782001672803,0.36015333001328265,0.13740425926746558,0.4661820063812087,0.19192387720493634,0.31428103197517737,0.13670268071979347,0.45572072861474117,0.2020528776240557,0.4900324633038055,0.11595328102072736,0.4317460317460317,0.2274295404101674
170,bert-base-japanese,3,mod_word_mean,0.36747559358595244,0.04932435529289292,,,0.33494416653732445,0.10038249190554864,0.3493711083325058,0.19114524934932106,0.0156149399575639,0.07470243243404968,0.1897837497888068,0.22551176638199452,0.3261276003785608,0.09290231034744681,0.38724026453179167,0.14074059960133073,0.24891403494762707,0.08280571677399563,0.37798133526836314,0.12960291125043671,0.40675464617543766,0.09979909167228057,0.4235978835978836,0.2016480070798451
171,bert-base-japanese,4,compound_mean,0.48621255634325156,0.02156039491849372,,,0.4049971979960624,0.1077756625941232,0.5478774495332871,0.18645581787249935,0.03509707096350321,0.11864150038773842,0.3015658377481772,0.32300985075583727,0.4140543454679966,0.12261293234695642,0.5720056950102158,0.16370131529537763,0.3124084865511057,0.11508563857905131,0.5407407664506569,0.16165294974577296,0.652286711975012,0.06308881783206469,0.554920634920635,0.17080309173175032
172,bert-base-japanese,4,head_noun_mean,0.3621831249640269,0.02749840510860254,,,0.35759754896518003,0.0951288359360671,0.4429993704193569,0.2174626985971736,0.000861987441399881,0.13804085206972383,0.23214507418742764,0.3812332842043833,0.36031725249781454,0.13607578972685708,0.4683695693037833,0.2009128425994207,0.3182355249717376,0.1356128341968636,0.4578789589780954,0.2147263293176006,0.4832084966856724,0.11093994282969623,0.42730158730158735,0.23059014484318058
173,bert-base-japanese,4,mod_word_mean,0.3614894717255173,0.045829464243058414,,,0.3308953681222546,0.10110934964761904,0.3432983618955627,0.19622416605611565,0.02041624416764883,0.07463186516681952,0.17428883221529423,0.22929530426827818,0.32376498343090854,0.0905460401190792,0.3842491514828671,0.13380666600065372,0.24719297509816804,0.08003921823987682,0.37344206785218076,0.12794969948331114,0.39708605288443005,0.10048423155566631,0.40349206349206335,0.1975865977055239
174,bert-base-japanese,5,compound_mean,0.4862003518970876,0.021670282892399795,,,0.39906844074830133,0.10788080267538805,0.5388683871182144,0.18441567344821436,0.03752889698271018,0.11468443016891983,0.2900135443748853,0.31664972334116664,0.4080548886318545,0.11948771696157867,0.5660290590464265,0.16792572210870138,0.3076965116863278,0.1134169643642188,0.5301035584470818,0.16694615179629632,0.6451592449434078,0.06462158333336032,0.554920634920635,0.18236227864301785
175,bert-base-japanese,5,head_noun_mean,0.35790863848258586,0.027179213098849714,,,0.35694079678816976,0.09802606372287939,0.4262840965546279,0.22318050157489783,0.0033398867578148072,0.13780979632831777,0.22701339100473586,0.381017293608159,0.35821106023082605,0.13748319782912014,0.45738184815507155,0.2093128728739536,0.3188809956363546,0.13576110751330786,0.4350003820166192,0.20975816664313493,0.47610631970214645,0.11005330494229784,0.4093650793650794,0.2279550957034662
176,bert-base-japanese,5,mod_word_mean,0.35793925691444967,0.04545974759998451,,,0.3219653644123136,0.10170448928693099,0.3200762277190883,0.19490506738043403,0.019549777562362612,0.07589223648561842,0.1541326756749824,0.23331075943499538,0.3142514970135864,0.09180228936750034,0.3648374334362734,0.13886033826807045,0.23999937537894864,0.08056317255985701,0.344778364800909,0.12900103304586452,0.3831462438099204,0.10078456405757588,0.38349206349206344,0.19842565037091264
177,bert-base-japanese,6,compound_mean,0.4857091808429642,0.021840688926874487,,,0.3934394055736645,0.10951467597314062,0.5397441581351247,0.17990152144370813,0.04413650484370237,0.1152990791101729,0.28849324429313133,0.32432569888713214,0.4086046102478668,0.1193700871624554,0.5661073612265909,0.1603415889712113,0.3084995288563537,0.1137545274639997,0.5347653058376634,0.16111008786668476,0.6428175729452846,0.06559264399172515,0.5556613756613757,0.17602496317261346
178,bert-base-japanese,6,head_noun_mean,0.3546890573345966,0.027366890734436287,,,0.3528001431446428,0.10085686170791901,0.42851526961931447,0.2230572700877152,0.012361438922994152,0.134017336977872,0.21713617227910198,0.3925853068926262,0.36364294964282856,0.13800798152563393,0.4611282910635183,0.2232526356243775,0.3249897393795784,0.13588056941528912,0.44332968788974425,0.2183282737297808,0.4712872255177177,0.11105647176471832,0.40862433862433867,0.2216880137306003
179,bert-base-japanese,6,mod_word_mean,0.35330662581088607,0.04677953105677846,,,0.31458510057215444,0.10142044369428763,0.3367391275043662,0.1996365119409054,0.027597225927739787,0.07522238498226796,0.17121822641886653,0.24055932739872982,0.31416263783143444,0.09029203408190138,0.3761501157623491,0.14325468989814347,0.2404580696036767,0.07735160144551667,0.3627609195331699,0.1240670772916438,0.37543667860189184,0.10296019118183873,0.3835978835978835,0.19388585496561092
180,bert-base-japanese,7,compound_mean,0.48584430829549624,0.022096472154207125,,,0.3894419948994402,0.11081096706037254,0.5336714906290889,0.16667109495405924,0.05079617250799513,0.11589738604236309,0.2872791810281866,0.3142276233806055,0.41225699878862626,0.11980881569374315,0.5705653275681758,0.15774097129412062,0.3114494468702776,0.11455781962278164,0.5398729341335741,0.17270877691203068,0.6380350104897804,0.06551083638592038,0.5637566137566138,0.16947177497060623
181,bert-base-japanese,7,head_noun_mean,0.35194684423591116,0.026386172689013145,,,0.34766472124944303,0.10028131739314484,0.4153172111553411,0.23169099404851418,0.02132902109214316,0.13635480303545808,0.20793016488708901,0.3941534249268387,0.36872200901882196,0.1353914150041197,0.45346123053361775,0.23171430627147724,0.3315267815397818,0.13343924763167792,0.43840386551459604,0.22978008271319988,0.4641065470711066,0.10801376198861179,0.414021164021164,0.22729382185507535
182,bert-base-japanese,7,mod_word_mean,0.351389158047952,0.04456093965133806,,,0.3113834664954652,0.09971707518949317,0.33671926205582303,0.18848407859845046,0.02726308918370508,0.07453067395630344,0.1674008071560933,0.2177679175926782,0.3142284357979329,0.09035394648497008,0.3637480596099419,0.1332556724976215,0.24258630687563282,0.07476292039085478,0.35927454323261837,0.13887986759365878,0.37034132062175107,0.10232127637820122,0.3793650793650794,0.19594486432337874
183,bert-base-japanese,8,compound_mean,0.4848371496388169,0.021652298090209618,,,0.3926395597001106,0.10841608698237191,0.5315431170339048,0.1781772555001904,0.050450807925222746,0.11238430313860757,0.28953351469677535,0.3116745174697841,0.4229688614426276,0.11584551344511566,0.5668437408169776,0.15022326961900306,0.32257018484573563,0.11207698305733087,0.552897087683498,0.1611364989651376,0.6418366618112544,0.0645350444763482,0.5741269841269843,0.1686506504823544
184,bert-base-japanese,8,head_noun_mean,0.34556755436644965,0.02641159851060731,,,0.3432488531352581,0.0961549129531074,0.4257811584777274,0.22804837216627102,0.02391247475563379,0.13642192007602913,0.22250398024111592,0.391904596825378,0.3669094594820521,0.13169490336129297,0.4676724200677204,0.21747400048492893,0.3294640111664618,0.12698908688173086,0.45574196358559,0.21569780950334902,0.4553356661456122,0.10583547026004737,0.4155026455026455,0.2292172619503228
185,bert-base-japanese,8,mod_word_mean,0.3464851746360757,0.038167072267128996,,,0.313752957767523,0.10082608387534106,0.3271862513975151,0.18640964353201545,0.030805613250149036,0.07594501059821575,0.1722089068259299,0.22736913098295608,0.3209827542778329,0.09514544506286249,0.3661236287364829,0.12298871471631805,0.25182375251614203,0.08030711447285785,0.3653050448620154,0.12328126939473578,0.37470112281845985,0.10259545953231057,0.39862433862433855,0.21415780361641795
186,bert-base-japanese,9,compound_mean,0.4828475086052577,0.0232327718339935,,,0.39942230232595377,0.10919712373496551,0.5450231316538746,0.19371026859855953,0.04792639737305929,0.11070000325777088,0.3001694599509343,0.33818581557290056,0.4319804163629005,0.11070046783385779,0.5910179396808906,0.16365180592825881,0.3319027188527536,0.1085728610596621,0.5695144103294678,0.16820502861641945,0.6408835501748036,0.06177251074324528,0.5630158730158731,0.1467051702820536
187,bert-base-japanese,9,head_noun_mean,0.341292180182186,0.026140703241714913,,,0.34535246630397703,0.09676001490342848,0.4296772903328855,0.22970275921658492,0.030394784445366935,0.14143652812933433,0.23268867231971493,0.3960303550801644,0.3724596861726387,0.12960932561662364,0.47733649031864084,0.21856668129453088,0.3350367883082944,0.12589942572830984,0.4650291541555973,0.2226846310428489,0.45217185069941596,0.1048458288611259,0.4236507936507936,0.2204543625703888
188,bert-base-japanese,9,mod_word_mean,0.3421460261156133,0.04150387888199925,,,0.3064151427415399,0.1069206636660988,0.3399945349261493,0.1915454529947247,0.03323811015511944,0.07608725774824429,0.18212498343995448,0.23922520779054465,0.3162479592324813,0.09460387233953532,0.3743695929228276,0.12293072320020147,0.2474703590021868,0.07800090786236018,0.37973553175092056,0.14269001519514443,0.36799977925891886,0.09947635794979465,0.41492063492063486,0.19995069519075104
189,bert-base-japanese,10,compound_mean,0.4808930821702224,0.025390663543947912,,,0.39656731160885567,0.10593243858296941,0.5687802222041868,0.18930121335168096,0.041484188636419825,0.10708033811323825,0.3044431776188557,0.33645624556849585,0.43140764801665554,0.10617076671525214,0.6066603499804717,0.1541942759232669,0.3304439288754347,0.10534971907235478,0.5939566028619416,0.15823788679314965,0.6412768615275758,0.06188109910924824,0.560952380952381,0.1534916531239897
190,bert-base-japanese,10,head_noun_mean,0.3425443912795302,0.025934866952446598,,,0.3457492389501665,0.09767742788238598,0.4461636780170074,0.20503053762673012,0.04150578772118682,0.14419662936359504,0.25848580229809315,0.4033261994176565,0.3769597376527349,0.12794417723944995,0.5029525865833762,0.20841712230657625,0.3393670191165862,0.12450140287480668,0.49087452143351606,0.2020295399864952,0.4518750707475674,0.10562623418065598,0.45100529100529096,0.21087416919086222
191,bert-base-japanese,10,mod_word_mean,0.34249105261343815,0.04562666925721177,,,0.29233507819188526,0.10954938222131971,0.3556173969890588,0.18521549762024192,0.03435900271847957,0.07771727769208274,0.2069969662003724,0.22944272724244152,0.30428796070895736,0.09332863740677978,0.40533709674611385,0.15215801923807826,0.23536360846207297,0.07914966352135751,0.4048366296914727,0.15121358704784837,0.368694056258996,0.10063615770551715,0.4401587301587301,0.19242462441074693
192,bert-base-japanese,11,compound_mean,0.48158046614021705,0.025019260056635167,,,0.39508687079708754,0.1036034687982748,0.5635451232057629,0.18785911272237346,0.03647805415031846,0.10369293302787681,0.3110565884330185,0.34021184947445393,0.42738086517520374,0.10276502577490022,0.6141934963973539,0.13807219842991672,0.32880127152647975,0.10247971449516241,0.5924930029701361,0.12343323096789031,0.641559207080297,0.060065531848990106,0.577989417989418,0.156528505325643
193,bert-base-japanese,11,head_noun_mean,0.34652777857726397,0.02507835470283539,,,0.33930901371937955,0.10028445046654558,0.42691732567074475,0.19512770014455166,0.0408059001601313,0.14371314820213751,0.26884222623827586,0.41263637765596334,0.37106844963135377,0.12226230917233769,0.4706034867785112,0.18467561418935174,0.3313437248002872,0.1217250821632713,0.4696763592554353,0.17728072523043797,0.44814480652966976,0.10739873691288389,0.4153968253968254,0.20730249884337373
194,bert-base-japanese,11,mod_word_mean,0.34675855944551254,0.04852068663220119,,,0.28078374564088227,0.10612754335349352,0.3500780764327647,0.18648968034043759,0.03696678321242179,0.081189606413526,0.21196083652096917,0.2144337416988231,0.2954718718217945,0.08985521316456105,0.40057886345937266,0.14684576705250207,0.22494448876589063,0.0767284702003341,0.40257945203756557,0.16050016762066696,0.3670505786408174,0.10582423138585316,0.44883597883597875,0.20710978403016955
195,bert-base-japanese,12,compound_mean,0.4843334595281516,0.02415456733904463,,,0.37414515804457765,0.10303331178271949,0.5546818108270762,0.19457074814713432,0.02501833824777706,0.10362494292464479,0.2844088319308683,0.3037957218945435,0.4014312219296629,0.10400824294995567,0.5848995401084217,0.12548720346825068,0.29848425556007996,0.10613047434121056,0.571420850030071,0.13610160523100379,0.6302237193486057,0.06130502556420685,0.574973544973545,0.14647974949596843
196,bert-base-japanese,12,head_noun_mean,0.35268527413375433,0.028233445461299304,,,0.30686353813054695,0.09858136286341854,0.3933069214004504,0.1772831106292508,0.040053238757789114,0.13945659628747256,0.23919646721402013,0.38642972407922355,0.3420874903246158,0.11909506337270988,0.4438669975618598,0.17215696875923056,0.29702176269566954,0.11896340535127256,0.4414122437658717,0.17816937477715794,0.4362037085845842,0.11369255759607105,0.3702116402116402,0.2289063475620556
197,bert-base-japanese,12,mod_word_mean,0.3516638306333993,0.04911710527588311,,,0.25682481472213525,0.11082879632881303,0.29994048082720715,0.21165994037372368,0.020681922460811863,0.08181533743115302,0.18526487639275502,0.21407853304458282,0.2653277015701125,0.0914293784756912,0.3287274475909625,0.18155150144181426,0.19266599652459052,0.07848532531384636,0.3383287169442656,0.17483653868308494,0.3592547044272366,0.10301838475795601,0.3993121693121692,0.18881648309168883
