,model,layer,paraphrase_identity_rdm_corr,paraphrase_identity_rdm_std,paraphrase_identity_rdm_corr_within_compound_sentences,paraphrase_identity_rdm_std_within_compound_sentences,jaccard_rdm_corr,jaccard_rdm_std,jaccard_rdm_corr_within_compound_sentences,jaccard_rdm_std_within_compound_sentences,monge_elkan_rdm_corr,monge_elkan_rdm_std,monge_elkan_rdm_corr_within_compound_sentences,monge_elkan_rdm_std_within_compound_sentences,ratcliff_obershelp_rdm_corr,ratcliff_obershelp_rdm_std,ratcliff_obershelp_rdm_corr_within_compound_sentences,ratcliff_obershelp_rdm_std_within_compound_sentences,levenshtein_rdm_corr,levenshtein_rdm_std,levenshtein_rdm_corr_within_compound_sentences,levenshtein_rdm_std_within_compound_sentences,fasttext_mean_rdm_corr,fasttext_mean_rdm_std,fasttext_mean_rdm_corr_within_compound_sentences,fasttext_mean_rdm_std_within_compound_sentences
0,bert-base-uncased,1,0.45239802430928494,0.034329161855272766,,,0.4558467875358355,0.08420106002514076,0.5342654559341491,0.1762089870512333,0.04366869475908996,0.11591578308329553,0.3265895902701103,0.26401926533742404,0.47751908486656497,0.09126083520539138,0.6428947692585754,0.15130941297616107,0.38279916856877844,0.10975556189926061,0.6456239721795451,0.17071520816129931,0.7572617586563953,0.05569473349225933,0.7094708994708994,0.1686025057959323
1,bert-base-uncased,2,0.4473609131949123,0.034348042566884486,,,0.45511463757220405,0.07582129549427595,0.535000050865578,0.18975794906806054,0.03566835875931092,0.11548756676273168,0.31388401089670226,0.24892710738979265,0.47625194349032757,0.08980902201010514,0.632431162659311,0.15170455041761544,0.3807247944901841,0.10560526726823875,0.6215866274676981,0.1743865873039666,0.7450015610352281,0.060856291213316045,0.7115343915343915,0.16256682423298993
2,bert-base-uncased,3,0.4331598479498509,0.039065845753769035,,,0.4687430460038916,0.07355751895294206,0.521435765123157,0.1760864949962362,0.03759377490762681,0.11754981548759129,0.302226120885436,0.25257129659616306,0.48318863446723437,0.0868923674086428,0.6234417992426144,0.14415546687145228,0.39540065648306444,0.10178745492461864,0.6276679986175997,0.16764949708184365,0.7161054676028081,0.06423021868247664,0.6855026455026454,0.17917240826267322
3,bert-base-uncased,4,0.4171754498686686,0.04447942794423221,,,0.4883608267339669,0.07736322860138878,0.5447091837827652,0.18572077571479995,0.034452149980251034,0.11935905251912389,0.3082704220953577,0.27435585638824744,0.49293649357718916,0.08555782760327035,0.6361776441869132,0.1620749549493824,0.41393691126340393,0.09821305464532587,0.6273617011341571,0.17875097565201,0.6825938429754141,0.06701467444461,0.6366666666666666,0.16742174635412022
4,bert-base-uncased,5,0.4143135644356109,0.048055399912770906,,,0.4652175226162208,0.0846631616298229,0.5190822579770863,0.1857629395872943,0.03433593035669356,0.1164714861630003,0.30174634185662713,0.30572504208424434,0.47058234209087435,0.08813659900394501,0.5791580779441043,0.16316275070420402,0.3940931565765541,0.10438771675414725,0.5758479621778284,0.18108774261746965,0.6459410407337801,0.0774389100331666,0.596931216931217,0.1666651213500208
5,bert-base-uncased,6,0.3901946095398097,0.05356023353560479,,,0.4599090740245588,0.09048389003711864,0.5078521704066664,0.17555768772046607,0.049840164157812006,0.11290792969459976,0.3078252488778718,0.31787575868131585,0.47273449690839386,0.08574983111330178,0.5664901705731614,0.16456866354467975,0.4056743560994702,0.10325479148722082,0.5553770645237966,0.18327818813324,0.5989204807755452,0.08635956813503104,0.5895238095238096,0.17391041018816236
6,bert-base-uncased,7,0.3817078223342438,0.0559259357058537,,,0.4568851392491516,0.08909270753473654,0.49802677933966216,0.18930571271874902,0.056496257083144825,0.11334855742565508,0.29405698052217544,0.3057627536226663,0.4764115561054173,0.0864982275052614,0.55439088733198,0.17096197088307097,0.40902458449997964,0.10005436340676402,0.551437179258328,0.1969899033690159,0.5795482854325061,0.08802511141629024,0.5902645502645503,0.1785300285146358
7,bert-base-uncased,8,0.37258029793001785,0.05595647239016956,,,0.4354541957153467,0.09972927826593367,0.49524912241266283,0.21789753575149884,0.0699251848013827,0.11065535895269729,0.2822599896373685,0.3327357813198616,0.467676966380841,0.08925798837315958,0.5306441182940272,0.19434973768439107,0.40029182890514436,0.09888166755586347,0.5351009909695491,0.21247225778061357,0.5508537034112482,0.09316519122512533,0.5621164021164021,0.1777247338351329
8,bert-base-uncased,9,0.3705939627934644,0.05585302690879783,,,0.39668858196837214,0.10587097156618695,0.4900812926467248,0.2160679448171031,0.08843929012088209,0.11011172206058256,0.279084233350052,0.3280613126278447,0.4450198332142309,0.09572965994984901,0.519252416710176,0.19132178460684746,0.37519472665380527,0.10267714769626624,0.5131967732846175,0.21140375493082783,0.524057622643836,0.09660948018954325,0.5302645502645502,0.19678952281597067
9,bert-base-uncased,10,0.4039997026689364,0.048247531945910666,,,0.37200419345016006,0.11142003874487295,0.45574877905271904,0.21940520661638094,0.08527426066485659,0.12341163535598977,0.2658915270841652,0.34858132868678127,0.42200766561031766,0.10025662463841781,0.47383509128826273,0.2037046699076671,0.34324910153435806,0.10844821553789777,0.46880123954337893,0.22169924969840374,0.5491492394882107,0.09094621989511585,0.5102116402116401,0.1930131680284791
10,bert-base-uncased,11,0.4242331082331584,0.039516875002240145,,,0.3518744736261001,0.11791576028246196,0.4497140589360545,0.22814554170083598,0.08273885846644559,0.1266788051828022,0.25991394827824427,0.3350642573277627,0.39830963741083986,0.10539353168187961,0.46999550066574525,0.2032553144639567,0.31577987143745734,0.1141178613279084,0.4778451747025786,0.22308235855352762,0.5543363052367861,0.08845518551710303,0.505026455026455,0.19351568855138718
11,bert-base-uncased,12,0.42673937834965164,0.040569132334600466,,,0.36993134760724095,0.11399147619307709,0.45422363589027887,0.2439999052442855,0.05561227265733294,0.126676274062649,0.27036135953575335,0.31859233692690525,0.3959966487551091,0.1073904976129267,0.4835395095258138,0.20207319367960289,0.3194825388364559,0.11599245958568202,0.4800385919938278,0.21946940658560357,0.5726539946621239,0.08861760209200083,0.5176190476190475,0.19136338795627802
12,roberta-base,1,0.4140603758129359,0.04128969641976076,,,0.5071543678061181,0.08165786357195988,0.5614490447351285,0.16090790412117656,0.05237172495861545,0.116847029118307,0.3442484700687372,0.25072998241729094,0.5073715460320339,0.0845351660647543,0.6497925361580443,0.13398054119173267,0.42389076652346275,0.09910189214407149,0.6548081405578753,0.1462309188623688,0.7124372773851236,0.06233271308173561,0.6693121693121693,0.17663385431599393
13,roberta-base,2,0.4011758947960088,0.04529751290000751,,,0.5058595755667106,0.08183137091182179,0.5658227827501755,0.17298538042843567,0.0666599148280011,0.11781031514790613,0.33705713016736377,0.2797717333347635,0.5185123932286333,0.08337370466026799,0.6469282128386258,0.14824381749326293,0.4343816173044297,0.09742652745857625,0.6537965286403087,0.1628655847642965,0.6847004624823038,0.06562981634436714,0.6420105820105821,0.18686197775106342
14,roberta-base,3,0.40610346882246884,0.043600221691345475,,,0.45741202201450915,0.08912210808750613,0.5397878045979467,0.1791941519725184,0.0764692958526,0.11488426692908443,0.30944339307829316,0.3065943687465512,0.4931734197593473,0.09366590986339333,0.618686119010096,0.15950482267226435,0.40460921228377966,0.09941389339204164,0.6228791258145139,0.16725594497175683,0.6448720816069241,0.07240604896131747,0.6144973544973545,0.1791822514076289
15,roberta-base,4,0.39928756925784514,0.04622938954512459,,,0.4179422927067809,0.09626102745377751,0.5089937071243313,0.19989553635700338,0.08364154081625776,0.11142988725367496,0.29627806441256843,0.31766596266446495,0.46850138805545427,0.08935937009105467,0.5780461442172087,0.18247647916584123,0.381654109479092,0.09532084235574466,0.573658554302823,0.18772525896203843,0.5940179151534627,0.07869284979886633,0.5717460317460319,0.1819666182907393
16,roberta-base,5,0.3981187524739769,0.04884949201548958,,,0.41141934170657546,0.09309476217412098,0.5172168983758075,0.19655622983471807,0.08214046737935607,0.11441505847393806,0.28907200617760803,0.32633793493460955,0.4612295663898521,0.08211868900187572,0.5719205221811544,0.18478321613396903,0.37676723571847337,0.08782369785154448,0.5632807734659843,0.19175578133546953,0.575461477382636,0.08682339046778888,0.5710052910052911,0.18886573746935548
17,roberta-base,6,0.39174366077518025,0.05334087324422529,,,0.3995065496090375,0.09563291402108287,0.5088612676035369,0.210925937544161,0.08789446843852027,0.11550606991401022,0.29354499220098307,0.33084055867517775,0.44860342247279156,0.08237195645136093,0.5593260256451836,0.18284268244194887,0.3660092394119302,0.09091901632231948,0.5571947800599132,0.19350238873892042,0.5529605551335487,0.0869037760459468,0.5576719576719577,0.19647918575451764
18,roberta-base,7,0.3919640618086486,0.052972637056428955,,,0.40243914998949926,0.09752901650977512,0.509832909532463,0.2198063610567925,0.08379144965952524,0.1195781298119086,0.3026555155832934,0.34032246674907063,0.4467863230950363,0.087428191555129,0.559483820411824,0.19099949090999152,0.3650783085328468,0.09578845304199271,0.5537107777978587,0.19911957544670364,0.5520532052965134,0.09399443848304535,0.5419047619047619,0.17432715074929717
19,roberta-base,8,0.3854037020155229,0.05485917407351421,,,0.3946822812270989,0.09980038117230121,0.5038584316891582,0.2276364232662486,0.08085469295863382,0.12308349216574943,0.2989541941124366,0.3346550781316529,0.4381751588056232,0.09255163558424677,0.5423657004748857,0.21280807481429742,0.35678511258137846,0.09911174956515695,0.5286650196111553,0.1971732452921214,0.5313037106963084,0.09957814000957126,0.5248148148148147,0.1867676828376304
20,roberta-base,9,0.37960306443965136,0.05483202579206429,,,0.379750274173173,0.09699708628394768,0.49914922751796886,0.21650594637549955,0.10428950095701803,0.11870807125140688,0.3002565464068151,0.34161120766289416,0.43805794268852893,0.0859171761048603,0.5412992158086068,0.1969896004261026,0.3566118795319505,0.09460962225337012,0.5383179047479726,0.19432444620109693,0.526175467141578,0.10024068558312842,0.5235449735449734,0.19227221302743236
21,roberta-base,10,0.381351076675941,0.056680658409713085,,,0.35778750264201253,0.10384555038417506,0.47487852608194103,0.22971460168457686,0.11336148776109382,0.11600926232179624,0.2771276530316226,0.3510614047401086,0.4223989741862057,0.0934637660041688,0.5142341345307444,0.21659404740008031,0.3395084583004699,0.09700292698969004,0.5126193127424041,0.20248866237655566,0.5193219384502891,0.10128119703018536,0.4862962962962963,0.18808507254173984
22,roberta-base,11,0.4067639163078433,0.047367979094152565,,,0.3634292967455241,0.10348510230133695,0.46134004980375104,0.2270911666872168,0.09902080256146487,0.12161968499811004,0.27583466842686905,0.34643811616707604,0.42365987531808325,0.09818630757379639,0.5052686433620893,0.21190658580869015,0.33723430582132935,0.10262767905380493,0.5117248783689257,0.2021211849127855,0.5608317897368608,0.09732091035561237,0.49888888888888877,0.17738034278980983
23,roberta-base,12,0.40044802476947794,0.04876853905884678,,,0.3317744655577927,0.11135568410839923,0.4905121228554448,0.2253741465859331,0.11793098464021677,0.12068046943527302,0.29727622487688127,0.35744962760661847,0.41796275118954074,0.09479731894893562,0.5352422083802358,0.19996160299887739,0.3296159707538538,0.10260690849027355,0.537695196437254,0.19125047044648247,0.5332674981500485,0.09788489859426035,0.5235449735449735,0.20015807280304143
24,bert-base-japanese,1,0.4277972955209045,0.05280082246179527,,,0.5318360063609197,0.0786351729904758,0.6444254416317201,0.1510842438210475,0.011037403270762958,0.12848942203892377,0.32962472485811684,0.2899988445968599,0.4951907709049639,0.10100808222374555,0.7193832808988876,0.1436851163668605,0.3979188793023459,0.10535736544671183,0.7053516661172611,0.13593629870775262,0.6332025162256304,0.08693100999333075,0.6055555555555556,0.17808422661636072
25,bert-base-japanese,2,0.4231000730830694,0.051396849312313364,,,0.5275447087996806,0.07686702557619118,0.6366549852856078,0.15509551304564645,0.008154573279006122,0.1308107117684836,0.33816855349670477,0.2933643346675372,0.48849436303716687,0.09908967322394235,0.721688199826278,0.13623914017526909,0.39486896445642644,0.10084432211411722,0.6977575841057425,0.1270681045747383,0.6203084721379325,0.08772681547483757,0.6097883597883599,0.1720225762737304
26,bert-base-japanese,3,0.4202027072096129,0.050884963557274246,,,0.5209058212709788,0.07780094449926654,0.6374211342882682,0.1640559926586191,0.008081310507614797,0.12778893063016383,0.3464179307781702,0.2948909276224276,0.48203729793427547,0.10304662174796486,0.7113272774559136,0.14650985063763608,0.388360884738585,0.10288898565903212,0.6963507607624284,0.13088251398912135,0.6172132267649534,0.08921706567077702,0.5802116402116403,0.16669575625873295
27,bert-base-japanese,4,0.4077689311167512,0.05123872411252855,,,0.5301866447748589,0.07782924588227241,0.6268663876549575,0.17146460719809734,0.01412412291927081,0.12701242775911417,0.3384989587155242,0.3093756432116375,0.48236160286667584,0.09982672418337148,0.7035622559793832,0.1420164555574545,0.3917058656712566,0.10027315342599398,0.6900908284819143,0.1266914204441158,0.6005077097689757,0.08970415216336104,0.5786772486772487,0.16609283089961002
28,bert-base-japanese,5,0.40446639024797487,0.053434963044028574,,,0.5358905687139007,0.0792972508328301,0.6336247589291484,0.1597311127241927,0.01521593889197397,0.12265049286132171,0.3416624407195204,0.296709938241039,0.4798546054017987,0.10125301121774243,0.706736115907783,0.14419459175974392,0.3906860391033595,0.10123359223899431,0.6841103559173732,0.12448422698845066,0.5945932892931537,0.09165969373868903,0.583915343915344,0.17185315505018423
29,bert-base-japanese,6,0.40050866992900486,0.05375119210790675,,,0.537532644312608,0.08045753274383205,0.6232986038022263,0.1512943995928275,0.016869312831063164,0.12288123418060401,0.33121098170665647,0.2913148165025167,0.477890622207652,0.10207071860585085,0.6932224884900334,0.1390393888227377,0.39013329308812916,0.10339108269961278,0.676695441932975,0.1287621015306347,0.5886476990769617,0.09201094552274561,0.5853439153439155,0.15715952203513195
30,bert-base-japanese,7,0.3959879572100044,0.05608586448682103,,,0.5468415276803456,0.0796787686023374,0.6261907622443812,0.16081680020183364,0.016903422742294484,0.12255422228554756,0.34739267903892,0.294508048221381,0.4811351708112001,0.10110438285756201,0.6926118521272849,0.1422497506417149,0.39705153677613825,0.10260698297336647,0.6751127528968343,0.13936284782848246,0.5842781053644939,0.0950290863815297,0.5875661375661375,0.15994486711433706
31,bert-base-japanese,8,0.38875025517740647,0.055328061389056875,,,0.5512503318943338,0.08214663971868323,0.6290540467074638,0.1649991713138536,0.013149824323212619,0.12050696290298116,0.34741437615909365,0.2899453675530674,0.48681852039390194,0.10433486267503439,0.6957345352174537,0.14392878673817638,0.40617623147165516,0.10306037865618405,0.6819277259960305,0.14121985661326364,0.5792706033323393,0.09504874677840368,0.5905291005291005,0.16219031946590107
32,bert-base-japanese,9,0.38128826115649267,0.05482618196137123,,,0.5529836055596942,0.08273692222808911,0.6240953226292023,0.16433663475666102,0.012526164816594713,0.11933434489241256,0.34191464146335426,0.29836964307818936,0.4903583326405825,0.10596500221978777,0.6992071570268974,0.1293081362562857,0.41062246759528426,0.10354299053628939,0.6926074245285229,0.13783758977379806,0.5711873901601028,0.09368109128464942,0.5951851851851853,0.16664650083763113
33,bert-base-japanese,10,0.3833775034337581,0.054925922000712925,,,0.5264764681540114,0.08869802267977946,0.602207849423192,0.16432125083937701,0.004612938902323245,0.11771177133835847,0.33195976495534113,0.30865493648651704,0.4709906435050934,0.1070319405594812,0.6826591601026859,0.12605535870763784,0.391205057961589,0.10588926884827789,0.6790040021420175,0.13440673609231993,0.5649330819388658,0.08973624942315936,0.5975132275132276,0.17760014904038632
34,bert-base-japanese,11,0.390455019225967,0.05131658738522731,,,0.5060565801574275,0.08973587080219692,0.5984201532315147,0.1683181451755677,-0.0037060941563464944,0.11302043588706469,0.3326292954152853,0.3019567837173103,0.4602012961217182,0.10806967002795215,0.6851067366364905,0.12659503566109767,0.37944887921660214,0.10362649892167844,0.6683347389156835,0.1248128933641404,0.5677823132449699,0.0901811150235049,0.5853439153439154,0.18000783057971348
35,bert-base-japanese,12,0.4057046781820022,0.05221501269284515,,,0.4781640933440607,0.09556935312355218,0.5753301079699052,0.17329485739193481,-0.014638945667994032,0.11402429837965543,0.3030842336029876,0.2999133555070012,0.43710228734419576,0.11243219489894404,0.6455500086834168,0.14531102189915568,0.3527010431907582,0.1080007902446812,0.6419971530108516,0.14721019027458718,0.5712401600268215,0.09567440610399822,0.5802116402116403,0.19542458221969125
36,openai-community/gpt2,1,0.3452203792342352,0.07225850746933639,,,0.4266254380128868,0.09623646190320759,0.47495604806950703,0.18894169638636943,0.11105595126104176,0.12463872034779691,0.3313178077569737,0.26797621877739974,0.4514764753834469,0.09574625867839466,0.548557407118621,0.17487217109955758,0.3926482413189749,0.10311669230068847,0.5325328362802365,0.19385604256505126,0.5091886449396665,0.11577827570721841,0.5439682539682541,0.22133521006893442
37,openai-community/gpt2,2,0.39459371978097685,0.06482346887856161,,,0.44791383111920813,0.09363416975978435,0.48144000679533705,0.19851859397229943,0.07359162042488547,0.1065571055988223,0.3235497871383387,0.21691607602017426,0.46415616752803734,0.09153904440741589,0.5462016340327845,0.18956141318407727,0.39070165054942924,0.09678035897493156,0.5581788885246621,0.20245118956634145,0.5835816622631866,0.10570987002815561,0.5897883597883598,0.20054188090110472
38,openai-community/gpt2,3,0.3795095104356639,0.07194919570004318,,,0.42612651762063375,0.09683467060899982,0.48150356861370774,0.19135953839509587,0.07309101401567102,0.10661961813361444,0.31209408846887526,0.23400601119334197,0.45922659197790167,0.09203068828798588,0.546367962388499,0.1827525007116562,0.386128635400678,0.09819128066904001,0.5499844608971658,0.18814905735299137,0.5690634912691674,0.11197533245933101,0.5765608465608466,0.21320408315873732
39,openai-community/gpt2,4,0.2732233822537237,0.09175065251052665,,,0.4104046960110077,0.09028737367842,0.4528527387601303,0.17564702991862377,0.04968699372584437,0.10442467903646616,0.31867234492200647,0.21995797459306868,0.4254876276854642,0.09280471170654399,0.5137869977558395,0.1615073148265354,0.38988107373639636,0.10345352346381152,0.5220359781627578,0.17361604157346022,0.4456809724210874,0.12197947389491261,0.5567724867724867,0.2170138634668667
40,openai-community/gpt2,5,0.21093497979065684,0.09300835644101636,,,0.39769508150997745,0.09589565517668813,0.429752235491702,0.19050706436390163,0.013132758728565475,0.09768679424074578,0.29511164400231327,0.24768163950060268,0.3917390152210615,0.101287539460507,0.4736584562786202,0.18122085222216916,0.37635275265522267,0.10968527800985549,0.4943571040534198,0.18468065806518577,0.3889367394413622,0.1205423468400417,0.5555026455026455,0.2201921572123167
41,openai-community/gpt2,6,0.2521756341717834,0.08399819319097056,,,0.40401716633721396,0.09358160980433841,0.4326786039310529,0.17081721597544092,-0.001250635286475552,0.09953496573418577,0.3066764685477508,0.24097844076265323,0.3964368694346162,0.09249939040214512,0.4856239220323037,0.16323438313160715,0.3728916741556078,0.1021143492288438,0.5042498001699595,0.16271624917809407,0.4369477330882996,0.11045495754425508,0.5925396825396826,0.20902845484706634
42,openai-community/gpt2,7,0.25251718898188097,0.07795015475223538,,,0.4025082293540067,0.09471236867939918,0.43887979070440036,0.18195923754972176,0.005126433986128789,0.1001379740355067,0.3038004166995965,0.25408517019094834,0.4050166315815821,0.09276042665071683,0.5014457315175065,0.17308558538786425,0.3790272046427549,0.10362286308409384,0.5156029987503571,0.17099317352981785,0.43859312899790853,0.10209892847348995,0.5880423280423279,0.20843743262978362
43,openai-community/gpt2,8,0.24258790328451135,0.07772345544754723,,,0.3911892896836298,0.09481624585063257,0.4320735800847244,0.18546538146996808,0.0056648546915836736,0.10145362813213185,0.2956017731177722,0.26036470620611163,0.3977443681879532,0.09818136566474112,0.49316108742993686,0.17486231475131309,0.3732967073561047,0.10858720469263457,0.5118441074896525,0.1783167369912677,0.42767085450904874,0.10272120609749716,0.5761904761904761,0.2189989210494994
44,openai-community/gpt2,9,0.2615202056897843,0.0760455744657794,,,0.3919315453464345,0.09267155507379463,0.44490885940895014,0.18615742500850296,0.0066707346386554725,0.10085258544336646,0.29285372482011357,0.26099606045606794,0.3982106351643043,0.0961104840335234,0.4941006347060029,0.17431911227799268,0.36825039897037887,0.10743308145039986,0.5155807315339033,0.17859337711590684,0.4482599027683565,0.10023679685195915,0.5940211640211641,0.21220197270685892
45,openai-community/gpt2,10,0.2577850065006287,0.0781359055333953,,,0.39508940551361355,0.09187873816801431,0.4498848687301779,0.1760752948780871,0.0119011225824199,0.10152621162792856,0.30931826516294997,0.24438318947716703,0.40297188955116864,0.09640775547394873,0.5040228177034201,0.1660943617654175,0.37255552442673623,0.10783026384492686,0.5169585726059822,0.17403414975575443,0.44402304213710886,0.0995355721489762,0.6012169312169313,0.2016577735143569
46,openai-community/gpt2,11,0.2387253615106038,0.07788903298492778,,,0.389371661390452,0.0957497284052543,0.4501108208462885,0.1913903403377241,0.013435798048920837,0.10107191008424542,0.3046416489500329,0.24993296921561678,0.4004075768443793,0.09939927208756447,0.5045664859717675,0.18004627492312347,0.37638097615279775,0.10920034354051512,0.5171234330721506,0.18414689543717302,0.42354865844309997,0.10220788461808698,0.5947619047619048,0.20759479576170797
47,openai-community/gpt2,12,0.23773624143004865,0.07504697870723445,,,0.383619094888464,0.0924483071910171,0.464826024751504,0.1829702842506864,0.011533686846055553,0.10359757799844754,0.29542462611937914,0.26136183101704497,0.3971749097656455,0.09877060562519628,0.5127450199434056,0.17339900286844132,0.3753779983163045,0.11010649713493216,0.5302533197993118,0.1743145163664948,0.4271374084229134,0.0999713899438993,0.5984656084656085,0.18863082426125913
48,microsoft/phi-1,1,0.41116251172876966,0.06378892877502283,,,0.4046889963030385,0.09157557173859109,0.4818073730411953,0.18950012134744884,-0.009707589366453055,0.11230366907406697,0.29215160214548935,0.24769228581299207,0.4087836014197627,0.11161996311914346,0.5539835644802555,0.16614487424087335,0.3493396432678476,0.12843030092431792,0.5535644561589457,0.17566377501279662,0.6300345017211767,0.0902860602556104,0.6091005291005291,0.1452029236236742
49,microsoft/phi-1,2,0.40726752898610463,0.05868364287906638,,,0.4384322178070931,0.08524625374937905,0.5106150301292693,0.1755176323520171,0.011112314018189722,0.11501785896506228,0.3145981492574517,0.242430440272689,0.4548478920326404,0.10080067910393688,0.5851092892059804,0.16377444973232927,0.3903156481569152,0.11946236707945283,0.5855561436107183,0.1873465398096855,0.6603273196310172,0.08137494936241785,0.6382010582010582,0.1581045519734372
50,microsoft/phi-1,3,0.38758377987802467,0.056214427546968905,,,0.4622610003111444,0.08366368897745592,0.5174631448333692,0.17533226248221992,0.04167317392862519,0.11841939570453479,0.31472140247308833,0.23324001331431085,0.4980070057123312,0.09014596440721025,0.5994255426417006,0.17744868892759064,0.43304410104929936,0.10969329028614301,0.5977132224907897,0.1867907985183441,0.6507638184726907,0.07645675587175046,0.6433862433862435,0.15895081664440402
51,microsoft/phi-1,4,0.37244718836398294,0.056853751743117735,,,0.48255665103954654,0.0800040440734486,0.5182094423335203,0.17322799416974743,0.05643022570258926,0.11993625088941372,0.3071591547535809,0.24197228327305742,0.5283091166053976,0.08038473046264628,0.6008584206669567,0.16020957378800588,0.46496019567474206,0.10254370345548593,0.607459681974215,0.17690545512826242,0.6411492597904448,0.07605484351251984,0.6477777777777778,0.157752997532385
52,microsoft/phi-1,5,0.36080937779072075,0.05592912895580168,,,0.4880007277292911,0.07948414909611098,0.52125819265586,0.1775507450052387,0.06932678985436896,0.12001231819169857,0.30017875623030343,0.24610979392905732,0.5449111745472273,0.07867207491193211,0.6098559774949934,0.16190479759410706,0.4832542890891501,0.09931137280117777,0.6133828360980386,0.1780125460480411,0.6284306977859752,0.07674703792567542,0.6425925925925925,0.15450926785987734
53,microsoft/phi-1,6,0.34882930733006234,0.056251070469765255,,,0.4941570673714544,0.07880771089932172,0.5167970077763122,0.17122931420921164,0.08362055233455047,0.11929069717968703,0.30571552755482934,0.2449976178449423,0.5581761691544398,0.07634695028139425,0.6061974056719638,0.164361285927142,0.4997929485533336,0.09674212991027752,0.6134465720036814,0.17992027364282545,0.6109321184482204,0.08101058633016019,0.6470370370370371,0.15192003889130376
54,microsoft/phi-1,7,0.3421206872247405,0.056555100536635865,,,0.496600235234877,0.08017008005549965,0.5280961422710052,0.17450501448618577,0.0915223347533374,0.12070391327152886,0.3111782196723503,0.23734428749789688,0.5642881073022947,0.07479076808534545,0.6152133165660261,0.16167542990537903,0.5087350852295577,0.09512806530427886,0.6186640238125832,0.18109642162285927,0.5986652642915793,0.08402831690319952,0.6396296296296297,0.15229880023881937
55,microsoft/phi-1,8,0.333581347141917,0.05843789864704429,,,0.494432499863158,0.08171801995980255,0.5333931121273883,0.16710548959964733,0.10115389458977378,0.12204557340111909,0.31417998804308117,0.23283238159806,0.57149820940026,0.07209877971455979,0.6182118799422862,0.15412689241601005,0.5173595389024876,0.09408048325582022,0.6240467810283429,0.16808925222057333,0.5845885797555699,0.09022725093893975,0.6374074074074075,0.14726542575955381
56,microsoft/phi-1,9,0.33010132048907276,0.058077767579123044,,,0.48934475087264667,0.08452300123507377,0.5348381580752531,0.16968567326300668,0.10952954275638846,0.12510338771435298,0.3142683613295621,0.23163878145033193,0.5720236362673516,0.07417109124776804,0.624110918981588,0.16041071044354183,0.5179811269427217,0.09602020792905652,0.6254939278818642,0.17528000425879478,0.5756620633377705,0.09293757603530306,0.6418518518518519,0.14333429035951908
57,microsoft/phi-1,10,0.3270671927628941,0.05931216051142443,,,0.48297445152793156,0.08451405965153923,0.5347963069874945,0.16822250939337918,0.11472980424093991,0.12478813750853658,0.31272920697864875,0.23514874718775333,0.5709761880058352,0.07446563525014853,0.6285272451133026,0.15879525975683895,0.5187658490567179,0.0950716905073272,0.6314168819647649,0.17638562022866097,0.5663351114406007,0.09602856049307597,0.6433333333333334,0.13820870482909162
58,microsoft/phi-1,11,0.3269181775447726,0.05759560435099109,,,0.4733052958984204,0.0891651014840969,0.5355965273680819,0.16815781470868726,0.12021345581545377,0.12737188797589685,0.3097207100672142,0.23442097987732302,0.5673370626512813,0.08006753876528254,0.6248417864036491,0.16076678930687635,0.5141032442746443,0.09770384533862982,0.6344333642055695,0.17241745690286495,0.5582229858918185,0.09975202724315099,0.6485185185185186,0.13659538440145227
59,microsoft/phi-1,12,0.3235001155418488,0.05765033160966408,,,0.4623964803876424,0.0913428874552823,0.5364341430333694,0.1646068156128074,0.129304960795629,0.12855751144601735,0.30675086280821195,0.23206884308754663,0.5648422731665277,0.08089742390762883,0.6263656995978018,0.16206669384304004,0.5108813098538808,0.0974059533814353,0.6434241472673609,0.17547514621940924,0.5461131173235587,0.10290210392926265,0.6462962962962963,0.13555504958415993
60,microsoft/phi-1,13,0.31910187452672184,0.05619227094789514,,,0.4502181310261993,0.09481548995183378,0.5311025138773388,0.16725288925108991,0.13489266955883963,0.13317021584976066,0.3060776016512795,0.22648801455490242,0.5609736171807637,0.08477942887425369,0.6211368154567898,0.1630363822837274,0.5064721120203429,0.09847738896438618,0.6456711726501665,0.17559287547370978,0.531421351247406,0.10559576054098029,0.6485185185185185,0.14569214211599885
61,microsoft/phi-1,14,0.3161643594532972,0.05564889305255972,,,0.4402962862077107,0.09635697882945218,0.5318952521573588,0.17103782866734651,0.14032542645523025,0.1366972639126298,0.31139541248397257,0.22798478000779632,0.5557402475418184,0.08707816820452208,0.6226161384994865,0.16186160774503408,0.5012458073828919,0.10017143146731211,0.6487037975215464,0.17457294106613147,0.5206412510745339,0.10843295467462984,0.6477777777777779,0.1421657874142408
62,microsoft/phi-1,15,0.313399333982529,0.05515545380339921,,,0.4316834584016144,0.09902008354809576,0.5259442155787777,0.1699067311759603,0.1437766529190232,0.13769838136425422,0.3083439160097444,0.22898046946644485,0.5514307002459797,0.08885349679459573,0.6182069511592178,0.16281834841957693,0.49730417415346617,0.1000962182428004,0.6449579524176277,0.17968636855231956,0.5130462562512262,0.1094270964459036,0.6477777777777778,0.14377766328920963
63,microsoft/phi-1,16,0.3118633415718195,0.055663761003803394,,,0.4231958405034756,0.101134505320215,0.5213616429265557,0.17163160605189356,0.14842438862429247,0.13878342528357168,0.30771254229608147,0.23332428521651633,0.5466411549482825,0.09257656167162452,0.6159853095619082,0.16703304807770739,0.4926489367322697,0.1028224816756304,0.6411597836449237,0.18067298880509694,0.5050505888216122,0.11158405839300133,0.6396296296296295,0.14724306863823075
64,microsoft/phi-1,17,0.31048618026235225,0.05488172925978991,,,0.41612423687919986,0.10280943812382858,0.5221113703268104,0.1744354740998865,0.1505271293507887,0.13825236934493307,0.3083500172587174,0.23481020584650716,0.5421642841064389,0.09341674453603932,0.6137287183524944,0.16587403794635416,0.4890819645080251,0.10183909644889756,0.636629895150224,0.17998748278466567,0.4984016455327301,0.11232946246113677,0.6396296296296295,0.1496823339522526
65,microsoft/phi-1,18,0.31424651871059933,0.053889993621864855,,,0.41142311479584864,0.10414473549179804,0.5251272361256526,0.1750017815206685,0.14892990450044277,0.13744763100231486,0.30588463306826713,0.23363123745817124,0.5383987438632616,0.09538052015838724,0.6197419705559748,0.16191691863226218,0.4843329489126304,0.10252237570945746,0.6411598366415887,0.1764495186729517,0.5008795023999482,0.11309038161823962,0.6411111111111112,0.15362961177184792
66,microsoft/phi-1,19,0.3144403444279162,0.05354651313807639,,,0.40343984262852145,0.10499099922393029,0.5265737679950301,0.1798718063122222,0.1482339718833751,0.134161891705477,0.3050634822834007,0.23122686480569973,0.5337815150302477,0.09829764570629568,0.6226681546761998,0.1628660134218879,0.47959194660803167,0.10470072854365113,0.6381461075654524,0.18104311436252646,0.49702839142656136,0.11329513185091492,0.6418518518518519,0.15396497205542378
67,microsoft/phi-1,20,0.31452547331630626,0.052992339186239516,,,0.3987052702808257,0.10643848121747262,0.5152743603674962,0.18562998343950488,0.1489152824300925,0.13231265385260269,0.307403089664343,0.21686550890468625,0.5292366007591949,0.09981599244879288,0.606122560485072,0.16078003527434198,0.4753600667836787,0.10640866901779658,0.6299947350403516,0.18703039891688505,0.49314349496713095,0.1135490153375893,0.6507407407407407,0.14549994225483084
68,microsoft/phi-1,21,0.3152742713974173,0.05308872426373211,,,0.3945770470617121,0.1094665527737658,0.51080330071145,0.1854938297897821,0.14620275774386282,0.1311638603599954,0.3027748713944363,0.2217759291844022,0.5254374407366941,0.1024248153550309,0.6113077456702573,0.1624757991061545,0.4720636925047545,0.10796776302301143,0.627721060086713,0.18539664704675582,0.49231429762801243,0.11477807432015202,0.6537037037037037,0.140738304072474
69,microsoft/phi-1,22,0.31624547705580486,0.05296840997248341,,,0.39148800152100766,0.11073537573537047,0.5070293372948013,0.1917660131133598,0.14488869732972826,0.12874824993186873,0.30131614864965417,0.22299161279032534,0.5231374875759565,0.10433514811875473,0.6023417485894336,0.1645463668424527,0.4684844045843884,0.1091944626173212,0.6217279164671478,0.18644865725794657,0.4927262541204608,0.11621354207359193,0.6537037037037037,0.13670379903064198
70,microsoft/phi-1,23,0.3160489115249701,0.05237676367111959,,,0.39368840129383825,0.11252396542762284,0.5131203027915523,0.18841398620076708,0.14365187800850693,0.12687489186939635,0.3019213054432841,0.21794089793650764,0.5234469668793816,0.10518817815757146,0.6060164027495654,0.15998084218414793,0.46954761885023993,0.1110944200974334,0.626996092733184,0.17706232457992604,0.49468010985315586,0.11619164432740144,0.6633862433862434,0.14419592163720316
71,microsoft/phi-1,24,0.3825977055081488,0.05151229854077646,,,0.4356494543877496,0.09767077484046544,0.5516234588416703,0.16356063405705654,0.07911931138580744,0.12736506707955836,0.29404448765837077,0.2935023691424794,0.4707471539102601,0.09383352256738897,0.6391109845770911,0.13237507581582686,0.383133867232203,0.11409449123029916,0.6536240961629282,0.15382896927905387,0.6368949931357581,0.0797581650300009,0.5647089947089948,0.15750969065775472
72,meta-llama/Llama-3.2-1B,1,0.31653120410667784,0.0999737021138631,,,0.4426918010722129,0.09514583121248227,0.5043336426494692,0.2014671449974952,0.02973120347115056,0.11534580880306589,0.2809356185234802,0.2821388707079429,0.41170113694050053,0.08226976152349452,0.5690595528901683,0.19322294482202995,0.3619393820035533,0.09061676170941628,0.5812285578150295,0.20408563794376378,0.51638607141895,0.10316513870632801,0.5513756613756614,0.17228523136421792
73,meta-llama/Llama-3.2-1B,2,0.22424200931205968,0.13391196505797648,,,0.397836726713907,0.09662049318319656,0.42898079162666863,0.236488792208154,0.019894083666666798,0.10426644670668143,0.19764224629190552,0.31317790771214604,0.3665390538029111,0.08265903859534958,0.48574903009161446,0.20418103345302208,0.3366429033361298,0.0856477337070917,0.4931598632165263,0.22199187152298444,0.393339690582293,0.11933459660212432,0.44698412698412693,0.18768573287372436
74,meta-llama/Llama-3.2-1B,3,0.2273154442172895,0.13311169087812824,,,0.3859950964284538,0.09700023785313862,0.44081172683670905,0.22606971927492744,0.02124875980945343,0.10976359543849194,0.20444484250289138,0.3086126436682916,0.357417072512165,0.08407628748052555,0.49617913881540127,0.19631310697728876,0.32647211961922085,0.08832315977373048,0.5060663305689019,0.21696381290942507,0.39371782182297704,0.11939394816829914,0.44989417989417985,0.17535489136169025
75,meta-llama/Llama-3.2-1B,4,0.23166255395555363,0.13306844647116756,,,0.3900710005567248,0.09693682958170571,0.4348263285677446,0.2219735641095166,0.023585954340458414,0.110648421734783,0.19703453745584862,0.2950596657781042,0.36391114204274,0.0863927438462168,0.4974879002053937,0.2007984636808539,0.3325604728325512,0.08959868838557657,0.5036176658577814,0.214112087224128,0.3983293434512191,0.1171372109015417,0.4558730158730158,0.16710720311925856
76,meta-llama/Llama-3.2-1B,5,0.22342791822672095,0.13204347583902443,,,0.39354596475342374,0.09584314199612874,0.44053067341072166,0.21723480193076974,0.022566402173627896,0.1067095494554967,0.20083787917579324,0.3024374646103456,0.3658865606119296,0.08421354155892655,0.5035609899514583,0.20083694961571885,0.33641081228474845,0.08975169603358675,0.5017585390414139,0.20535340215510994,0.38831217870065676,0.11395914538685474,0.4637037037037036,0.1648776409594102
77,meta-llama/Llama-3.2-1B,6,0.2256318193094903,0.13429927881171552,,,0.39995367349299765,0.09323902855407129,0.45027125404904833,0.21957984868234456,0.01981627075583165,0.109520700277595,0.2114955878146926,0.322178508828446,0.3692870699145396,0.08205635879511136,0.5162644261015991,0.2073406137411392,0.33990827827190934,0.08908196322923226,0.5131547485015767,0.2088346024275695,0.39154212474689293,0.12130438899689389,0.46317460317460313,0.16241821271318577
78,meta-llama/Llama-3.2-1B,7,0.22407228502732535,0.1340741503786428,,,0.4089999762315574,0.09078674299798549,0.44528008634416116,0.22968124785643304,0.028280241437938516,0.1119307109931667,0.19739273032286672,0.29922914372712245,0.3759974124775448,0.07928326223924165,0.51383326791721,0.20807285778098497,0.34805532019294655,0.08210658346334075,0.516235054333558,0.21440591856680807,0.39362613373326866,0.11860211983690165,0.4623280423280423,0.1710931135479781
79,meta-llama/Llama-3.2-1B,8,0.2161082697772868,0.13697867458067706,,,0.4150554539718256,0.08884442755645675,0.43757580899028825,0.2232504870574088,0.021095061161744325,0.11193426533325791,0.19608245403434807,0.30393935017109,0.3804118071056492,0.07856007093841348,0.5125926068167961,0.2012234443082658,0.35517610891532586,0.08506391551234888,0.5033173832102366,0.20482380075326206,0.38889359473439866,0.12256713908975264,0.45555555555555544,0.16916643860594002
80,meta-llama/Llama-3.2-1B,9,0.2073960299381394,0.1381911141223732,,,0.4250576774487735,0.09087701215479146,0.43989188129736706,0.22213309633260286,0.022355709005062722,0.11584697025040033,0.20093079565551697,0.306329321943211,0.3816442548391263,0.07893036977766535,0.5066865036987924,0.20449541349824865,0.3609751297285325,0.08216505587145316,0.5099593899845185,0.207610912212716,0.37902319078087,0.12543203473656525,0.4666666666666666,0.16767595634869226
81,meta-llama/Llama-3.2-1B,10,0.20392315617420215,0.13562101033364016,,,0.4350899285413767,0.09105295512832692,0.43395625614003347,0.2182240295595862,0.0342988050984467,0.11907326448579086,0.22309771004201967,0.3035636548453251,0.38571586477248765,0.08229260143808086,0.5089633432509083,0.19623385762538703,0.3663284099842833,0.0877077151233131,0.5114779537569917,0.20138954535830447,0.3679831407626704,0.12045908300665567,0.46899470899470896,0.1561438682413536
82,meta-llama/Llama-3.2-1B,11,0.16920800004892905,0.1333165489378152,,,0.4324846167309696,0.08968233326448377,0.42795503407319146,0.20967237876447292,0.033793683318926696,0.12332033862653527,0.20477459232360262,0.30133113424442226,0.37732819406104956,0.07667703223144638,0.49642391633436844,0.19178675649854768,0.36948859267382883,0.0899345477592258,0.4989407641273583,0.20273202694631323,0.33211009348418025,0.11494936246662918,0.4526984126984127,0.15553525404721819
83,meta-llama/Llama-3.2-1B,12,0.16443966831456353,0.1340941841853218,,,0.4214142085080288,0.0909416901066941,0.418204035308322,0.22419567036480878,0.03490310645377117,0.11613137670916657,0.2047793177751208,0.3104760874043477,0.36741752554001916,0.07533006254072276,0.47995316282441497,0.2016552654698331,0.3606991610300503,0.09237234851706176,0.4912565196794834,0.21188777689170357,0.32166733136369036,0.11225170600836175,0.4356613756613755,0.16772840615164958
84,meta-llama/Llama-3.2-1B,13,0.16890100327922955,0.13527696307523593,,,0.42742055169501253,0.09022592526221127,0.4160532512284854,0.22324607548504233,0.03414850133112883,0.11783062141553258,0.2049637165578089,0.29932485623229077,0.373986878852713,0.07896327859415073,0.48146837967151,0.20483957566070554,0.3650211088573879,0.09235848818236017,0.48527145742283234,0.20630675978153468,0.3316634913075617,0.11680673809828257,0.44455026455026453,0.1720251882106477
85,meta-llama/Llama-3.2-1B,14,0.17379307744750594,0.13651401531735316,,,0.4240272325140207,0.08942015258493026,0.4142832342010406,0.20215423466098945,0.03258786062922897,0.1181047193942472,0.20882422208021822,0.3021355683439975,0.3704264623690377,0.07432563238109086,0.4889072085251623,0.19555090323835622,0.36175412185968986,0.09015677174024973,0.48819244674961104,0.19356832788962253,0.3358682743062677,0.116851117488233,0.44391534391534376,0.15817168066140697
86,meta-llama/Llama-3.2-1B,15,0.16823790744844633,0.1337289705072486,,,0.4228273370746699,0.09084321649447118,0.41140288171553024,0.21580239372580576,0.031252797271858083,0.11902243952517119,0.19727819518883874,0.30268414198628163,0.3680137683369669,0.0806574422598568,0.4822429087745296,0.20390993647958588,0.3611976766111334,0.09137991831113718,0.48745316743455064,0.20888213962154376,0.33127406584053354,0.12122072538443211,0.44973544973544965,0.17213519530070917
87,meta-llama/Llama-3.2-1B,16,0.1714928561477532,0.13284827354133436,,,0.4306582771528657,0.09158235781796518,0.4136628498477908,0.20186136870314106,0.02513523420917255,0.11748308306216888,0.1943453231687542,0.2943487557171159,0.3717381638321304,0.08162360864675777,0.4963839517114806,0.1896892121188392,0.36712706952863455,0.08973570096817765,0.4934057860645758,0.18981600715288444,0.33255028352557703,0.11622714758108023,0.44962962962962955,0.16210379577161826
